item_code,brand_x,Master Catalogue name,medicine_type_x,exp_sku_brand,mod_brand,count_cap,exp_sku_brand2,exp_sku_brand3,exp_sku_brand4,id,brand_y,sku_brand,new_brand,medicine_type_y,new_brand2,cosine,max_cosine,quantity_x,quantity_y,quantity_flag,salt_flag,mod_brand2,uom_flag,uom_x,uom_y,strength_flag,strength_x,strength_y,pack,manufacturer,catg,subcatg,mrp,count,mod_cosine
6425,nipcan-50 cap 1*4,,capsule,nipcan,nipcan 50 4s,1.0,nipcan,nipcan,nipcan,254363.0,nipcan 150 capsule 1s,nipcan,nipcan 150 1s,capsule,nipcan 150 capsule 1s,0.33333333333333337,0.33333333333333337,4,1,1.0,0.0,nipcan 50 capsule 4s,2.0,,,2.0,,,,IPCA=( BIONOVA ),,,10.6,2,0.33333333333333337
6425,nipcan-50 cap 1*4,,capsule,nipcan,nipcan 50 4s,1.0,nipcan,nipcan,nipcan,254364.0,nipcan 200mg capsule 2s,nipcan,nipcan 200 2s,capsule,nipcan 200mg capsule 2s,0.33333333333333337,0.33333333333333337,4,2,1.0,0.0,nipcan 50 capsule 4s,2.0,,mg,2.0,,200,,IPCA=( BIONOVA ),,,10.6,2,0.33333333333333337
7322,ceruvin 75 cap 1*15,,capsule,ceruvin,ceruvin 75 15s,1.0,ceruvin,ceruvin,ceruvin,150055.0,ceruvin a capsule 15s,ceruvin,ceruvin a 15s,capsule,ceruvin a capsule 15s,0.6666666666666667,0.6666666666666667,15,15,0.0,0.0,ceruvin 75 capsule 15s,2.0,,,2.0,,,,SUN PHARMA=[ C.V-LIFE ],,,129.4,2,0.6666666666666667
7322,ceruvin 75 cap 1*15,,capsule,ceruvin,ceruvin 75 15s,1.0,ceruvin,ceruvin,ceruvin,150056.0,ceruvin af capsule 15s,ceruvin,ceruvin af 15s,capsule,ceruvin af capsule 15s,0.6666666666666667,0.6666666666666667,15,15,0.0,0.0,ceruvin 75 capsule 15s,2.0,,,2.0,,,,SUN PHARMA=[ C.V-LIFE ],,,129.4,2,0.6666666666666667
1000088,trinergic cap 1*10,,capsule,trinergic,trinergic 10s,1.0,trinergic,trinergic,trinergic,329974.0,trinergic  l capsule 10s,trinergic,trinergic l 10s,capsule,trinergic l capsule 10s,0.8164965809277259,0.8164965809277259,10,10,0.0,0.0,trinergic capsule 10s,2.0,,,2.0,,,,UNICHEM PHARMA,,,66.95,2,0.8164965809277259
1000088,trinergic cap 1*10,,capsule,trinergic,trinergic 10s,1.0,trinergic,trinergic,trinergic,329977.0,trinergic plus capsule 10s,trinergic,trinergic plus 10s,capsule,trinergic plus capsule 10s,0.8164965809277259,0.8164965809277259,10,10,0.0,0.0,trinergic capsule 10s,2.0,,,2.0,,,,UNICHEM PHARMA,,,66.95,2,0.8164965809277259
1000218,axn cap 1*10,,capsule,axn,axn 10s,1.0,axn,axn,axn,119575.0,axn gold capsule 10s,axn,axn gold 10s,capsule,axn gold capsule 10s,0.8164965809277259,0.8164965809277259,10,10,0.0,0.0,axn capsule 10s,2.0,,,2.0,,,,ALGEN HEALTHCARE,,,99.0,3,0.8164965809277259
1000218,axn cap 1*10,,capsule,axn,axn 10s,1.0,axn,axn,axn,119580.0,axn green capsule 10s,axn,axn green 10s,capsule,axn green capsule 10s,0.8164965809277259,0.8164965809277259,10,10,0.0,0.0,axn capsule 10s,2.0,,,2.0,,,,ALGEN HEALTHCARE,,,99.0,3,0.8164965809277259
1000218,axn cap 1*10,,capsule,axn,axn 10s,1.0,axn,axn,axn,119583.0,axn t capsule 10s,axn,axn t 10s,capsule,axn t capsule 10s,0.8164965809277259,0.8164965809277259,10,10,0.0,0.0,axn capsule 10s,2.0,,,2.0,,,,ALGEN HEALTHCARE,,,99.0,3,0.8164965809277259
1046283,almecol cap 1*10,,capsule,almecol,almecol 10s,1.0,almecol,almecol,almecol,108875.0,almecol b capsule 10s,almecol,almecol b 10s,capsule,almecol b capsule 10s,0.8164965809277259,0.8164965809277259,10,10,0.0,0.0,almecol capsule 10s,2.0,,,2.0,,,,UNISEARCH CV LIFE,,,66.7,2,0.8164965809277259
1046283,almecol cap 1*10,,capsule,almecol,almecol 10s,1.0,almecol,almecol,almecol,108876.0,almecol od capsule 10s,almecol,almecol od 10s,capsule,almecol od capsule 10s,0.8164965809277259,0.8164965809277259,10,10,0.0,0.0,almecol capsule 10s,2.0,,,2.0,,,,UNISEARCH CV LIFE,,,66.7,2,0.8164965809277259
1056947,novaclox cap 1*3,,capsule,novaclox,novaclox 3s,1.0,novaclox,novaclox,novaclox,256316.0,novaclox capsule 9s,novaclox,novaclox 9s,capsule,novaclox capsule 9s,0.4999999999999999,0.4999999999999999,3,9,1.0,0.0,novaclox capsule 3s,2.0,,,2.0,,,,CIPLA-( SPECTRA-2 ),,,71.0,2,0.4999999999999999
1056947,novaclox cap 1*3,,capsule,novaclox,novaclox 3s,1.0,novaclox,novaclox,novaclox,256317.0,novaclox capsule 10s,novaclox,novaclox 10s,capsule,novaclox capsule 10s,0.4999999999999999,0.4999999999999999,3,10,1.0,0.0,novaclox capsule 3s,2.0,,,2.0,,,,CIPLA-( SPECTRA-2 ),,,71.0,2,0.4999999999999999
1070637,coq cap 1*10,,capsule,coq,coq 10s,1.0,coq,coq,coq,157897.0,coq 30mg capsule 10s,coq,coq 30 10s,capsule,coq 30mg capsule 10s,0.8164965809277259,0.8164965809277259,10,10,0.0,0.0,coq capsule 10s,2.0,,mg,2.0,,30,,UNIVERSAL,,,394.34,2,0.8164965809277259
1070637,coq cap 1*10,,capsule,coq,coq 10s,1.0,coq,coq,coq,157900.0,coq forte capsule 10s,coq,coq forte 10s,capsule,coq forte capsule 10s,0.8164965809277259,0.8164965809277259,10,10,0.0,0.0,coq capsule 10s,2.0,,,2.0,,,,UNIVERSAL,,,394.34,2,0.8164965809277259
1081219,seacod cap [110] 1*110,,capsule,seacod,seacod [110] 1 110,1.0,seacod,seacod,seacod,309182.0,seacod capsule 100s,seacod,seacod 100s,capsule,seacod capsule 100s,0.2886751345948129,0.2886751345948129,,100,1.0,0.0,seacod capsule [110] 1 110,2.0,,,2.0,,,,UNIVERSAL,,,352.98,6,0.2886751345948129
1081219,seacod cap [110] 1*110,,capsule,seacod,seacod [110] 1 110,1.0,seacod,seacod,seacod,309183.0,seacod capsule 500s,seacod,seacod 500s,capsule,seacod capsule 500s,0.2886751345948129,0.2886751345948129,,500,1.0,0.0,seacod capsule [110] 1 110,2.0,,,2.0,,,,UNIVERSAL,,,352.98,6,0.2886751345948129
1081219,seacod cap [110] 1*110,,capsule,seacod,seacod [110] 1 110,1.0,seacod,seacod,seacod,309184.0,seacod capsule 10s,seacod,seacod 10s,capsule,seacod capsule 10s,0.2886751345948129,0.2886751345948129,,10,1.0,0.0,seacod capsule [110] 1 110,2.0,,,2.0,,,,UNIVERSAL,,,352.98,6,0.2886751345948129
1081219,seacod cap [110] 1*110,,capsule,seacod,seacod [110] 1 110,1.0,seacod,seacod,seacod,309185.0,seacod capsule 110s,seacod,seacod 110s,capsule,seacod capsule 110s,0.2886751345948129,0.2886751345948129,,110,1.0,0.0,seacod capsule [110] 1 110,2.0,,,2.0,,,,UNIVERSAL,,,352.98,6,0.2886751345948129
1081219,seacod cap [110] 1*110,,capsule,seacod,seacod [110] 1 110,1.0,seacod,seacod,seacod,380121.0,seacod capsule 60s,seacod,seacod 60s,capsule,seacod capsule 60s,0.2886751345948129,0.2886751345948129,,60,1.0,0.0,seacod capsule [110] 1 110,2.0,,,2.0,,,,UNIVERSAL,,,352.98,6,0.2886751345948129
1081219,seacod cap [110] 1*110,,capsule,seacod,seacod [110] 1 110,1.0,seacod,seacod,seacod,382433.0,seacod capsule 100s,seacod,seacod 100s,capsule,seacod capsule 100s,0.2886751345948129,0.2886751345948129,,100,1.0,0.0,seacod capsule [110] 1 110,2.0,,,2.0,,,,UNIVERSAL,,,352.98,6,0.2886751345948129
1081251,nervic cap 1*10,,capsule,nervic,nervic 10s,1.0,nervic,nervic,nervic,251002.0,nervic  od capsule 10s,nervic,nervic od 10s,capsule,nervic od capsule 10s,0.8164965809277259,0.8164965809277259,10,10,0.0,0.0,nervic capsule 10s,2.0,,,2.0,,,,SUNPHARMA V (OLD),,,66.0,2,0.8164965809277259
1081251,nervic cap 1*10,,capsule,nervic,nervic 10s,1.0,nervic,nervic,nervic,251007.0,nervic p capsule 10s,nervic,nervic p 10s,capsule,nervic p capsule 10s,0.8164965809277259,0.8164965809277259,10,10,0.0,0.0,nervic capsule 10s,2.0,,,2.0,,,,SUNPHARMA V (OLD),,,66.0,2,0.8164965809277259
1092847,ceruvin 150 cap 1*10,,capsule,ceruvin,ceruvin 150 10s,1.0,ceruvin,ceruvin,ceruvin,150055.0,ceruvin a capsule 15s,ceruvin,ceruvin a 15s,capsule,ceruvin a capsule 15s,0.33333333333333337,0.33333333333333337,10,15,1.0,0.0,ceruvin 150 capsule 10s,2.0,,,2.0,,,,SUN PHARMA=[ C.V-LIFE ],,,62.0,2,0.33333333333333337
1092847,ceruvin 150 cap 1*10,,capsule,ceruvin,ceruvin 150 10s,1.0,ceruvin,ceruvin,ceruvin,150056.0,ceruvin af capsule 15s,ceruvin,ceruvin af 15s,capsule,ceruvin af capsule 15s,0.33333333333333337,0.33333333333333337,10,15,1.0,0.0,ceruvin 150 capsule 10s,2.0,,,2.0,,,,SUN PHARMA=[ C.V-LIFE ],,,62.0,2,0.33333333333333337
1105192,canditral caps 1*10,,capsule,canditral,canditral 10s,1.0,canditral,canditral,canditral,144962.0,canditral 100 capsule 10s,canditral,canditral 100 10s,capsule,canditral 100 capsule 10s,0.8164965809277259,0.8164965809277259,10,10,0.0,0.0,canditral capsule 10s,2.0,,,2.0,,,,GLENMARK-[ PHARMA ],,,140.0,3,0.8164965809277259
1105192,canditral caps 1*10,,capsule,canditral,canditral 10s,1.0,canditral,canditral,canditral,144965.0,canditral 200 capsule 10s,canditral,canditral 200 10s,capsule,canditral 200 capsule 10s,0.8164965809277259,0.8164965809277259,10,10,0.0,0.0,canditral capsule 10s,2.0,,,2.0,,,,GLENMARK-[ PHARMA ],,,140.0,3,0.8164965809277259
1105192,canditral caps 1*10,,capsule,canditral,canditral 10s,1.0,canditral,canditral,canditral,367605.0,canditral sb capsule 10s,canditral,canditral sb 10s,capsule,canditral sb capsule 10s,0.8164965809277259,0.8164965809277259,10,10,0.0,0.0,canditral capsule 10s,2.0,,,2.0,,,,GLENMARK-[ PHARMA ],,,140.0,3,0.8164965809277259
1151435,canditral cap 1*10,,capsule,canditral,canditral 10s,1.0,canditral,canditral,canditral,144962.0,canditral 100 capsule 10s,canditral,canditral 100 10s,capsule,canditral 100 capsule 10s,0.8164965809277259,0.8164965809277259,10,10,0.0,0.0,canditral capsule 10s,2.0,,,2.0,,,,(GLENMARK),,,140.0,3,0.8164965809277259
1151435,canditral cap 1*10,,capsule,canditral,canditral 10s,1.0,canditral,canditral,canditral,144965.0,canditral 200 capsule 10s,canditral,canditral 200 10s,capsule,canditral 200 capsule 10s,0.8164965809277259,0.8164965809277259,10,10,0.0,0.0,canditral capsule 10s,2.0,,,2.0,,,,(GLENMARK),,,140.0,3,0.8164965809277259
1151435,canditral cap 1*10,,capsule,canditral,canditral 10s,1.0,canditral,canditral,canditral,367605.0,canditral sb capsule 10s,canditral,canditral sb 10s,capsule,canditral sb capsule 10s,0.8164965809277259,0.8164965809277259,10,10,0.0,0.0,canditral capsule 10s,2.0,,,2.0,,,,(GLENMARK),,,140.0,3,0.8164965809277259
1163008,lycomega cap 1*10,,capsule,lycomega,lycomega 10s,1.0,lycomega,lycomega,lycomega,232610.0,lycomega f capsule 10s,lycomega,lycomega f 10s,capsule,lycomega f capsule 10s,0.8164965809277259,0.8164965809277259,10,10,0.0,0.0,lycomega capsule 10s,2.0,,,2.0,,,,WINMARK,,,325.0,2,0.8164965809277259
1163008,lycomega cap 1*10,,capsule,lycomega,lycomega 10s,1.0,lycomega,lycomega,lycomega,232611.0,lycomega soft gelatin capsule 10s,lycomega,lycomega sg 10s,capsule,lycomega sg capsule 10s,0.8164965809277259,0.8164965809277259,10,10,0.0,0.0,lycomega capsule 10s,2.0,,,2.0,,,,WINMARK,,,325.0,2,0.8164965809277259
1175085,ceastra-100 cap 1,,capsule,ceastra,ceastra 100 1,1.0,ceastra,ceastra,ceastra,146561.0,ceastra 100 capsule 4s,ceastra,ceastra 100 4s,capsule,ceastra 100 capsule 4s,0.6666666666666667,0.6666666666666667,cea,4,1.0,0.0,ceastra 100 capsule 1,2.0,,,2.0,,,,EMCURE:-[ EMCUTIX ],,,57.95,3,0.6666666666666667
1175085,ceastra-100 cap 1,,capsule,ceastra,ceastra 100 1,1.0,ceastra,ceastra,ceastra,146563.0,ceastra  xl 100 capsule 7s,ceastra,ceastra 100 7s,capsule,ceastra 100 capsule 7s,0.6666666666666667,0.6666666666666667,cea,7,1.0,0.0,ceastra 100 capsule 1,2.0,,,2.0,,,,EMCURE:-[ EMCUTIX ],,,57.95,3,0.6666666666666667
1175085,ceastra-100 cap 1,,capsule,ceastra,ceastra 100 1,1.0,ceastra,ceastra,ceastra,367690.0,ceastra 100 capsule 10s,ceastra,ceastra 100 10s,capsule,ceastra 100 capsule 10s,0.6666666666666667,0.6666666666666667,cea,10,1.0,0.0,ceastra 100 capsule 1,2.0,,,2.0,,,,EMCURE:-[ EMCUTIX ],,,57.95,3,0.6666666666666667
1175302,ceastra-200 cap 1,,capsule,ceastra,ceastra 200 1,1.0,ceastra,ceastra,ceastra,146562.0,ceastra 200 capsule 4s,ceastra,ceastra 200 4s,capsule,ceastra 200 capsule 4s,0.6666666666666667,0.6666666666666667,cea,4,1.0,0.0,ceastra 200 capsule 1,2.0,,,2.0,,,,EMCURE:-[ EMCUTIX ],,,289.75,3,0.6666666666666667
1175302,ceastra-200 cap 1,,capsule,ceastra,ceastra 200 1,1.0,ceastra,ceastra,ceastra,146564.0,ceastra  xl 200 capsule 7s,ceastra,ceastra 200 7s,capsule,ceastra 200 capsule 7s,0.6666666666666667,0.6666666666666667,cea,7,1.0,0.0,ceastra 200 capsule 1,2.0,,,2.0,,,,EMCURE:-[ EMCUTIX ],,,289.75,3,0.6666666666666667
1175302,ceastra-200 cap 1,,capsule,ceastra,ceastra 200 1,1.0,ceastra,ceastra,ceastra,367691.0,ceastra 200mg capsule 10s,ceastra,ceastra 200 10s,capsule,ceastra 200mg capsule 10s,0.6666666666666667,0.6666666666666667,cea,10,1.0,0.0,ceastra 200 capsule 1,2.0,,mg,2.0,,200,,EMCURE:-[ EMCUTIX ],,,289.75,3,0.6666666666666667
1185751,evebact cap 1*28,,capsule,evebact,evebact 1 28,1.0,evebact,evebact,evebact,190440.0,evebact capsule 10s,evebact,evebact 10s,capsule,evebact capsule 10s,0.40824829046386296,0.40824829046386296,,10,1.0,0.0,evebact capsule 1 28,2.0,,,2.0,,,,MEDLEY-( NUTRAKARE ),,,400.0,2,0.40824829046386296
1185751,evebact cap 1*28,,capsule,evebact,evebact 1 28,1.0,evebact,evebact,evebact,190441.0,evebact capsule 28s,evebact,evebact 28s,capsule,evebact capsule 28s,0.40824829046386296,0.40824829046386296,,28,1.0,0.0,evebact capsule 1 28,2.0,,,2.0,,,,MEDLEY-( NUTRAKARE ),,,400.0,2,0.40824829046386296
1196847,vitasonic cap 1*10,,capsule,vitasonic,vitasonic 10s,1.0,vitasonic,vitasonic,vitasonic,339147.0,vitasonic plus capsule 10s,vitasonic,vitasonic plus 10s,capsule,vitasonic plus capsule 10s,0.8164965809277259,0.8164965809277259,10,10,0.0,0.0,vitasonic capsule 10s,2.0,,,2.0,,,,ERIS-{ ADURA },,,264.0,2,0.8164965809277259
1196847,vitasonic cap 1*10,,capsule,vitasonic,vitasonic 10s,1.0,vitasonic,vitasonic,vitasonic,339153.0,vitasonic soft gelatin capsule 10s,vitasonic,vitasonic sg 10s,capsule,vitasonic sg capsule 10s,0.8164965809277259,0.8164965809277259,10,10,0.0,0.0,vitasonic capsule 10s,2.0,,,2.0,,,,ERIS-{ ADURA },,,264.0,2,0.8164965809277259
1208461,axn cap 1*10,,capsule,axn,axn 10s,1.0,axn,axn,axn,119575.0,axn gold capsule 10s,axn,axn gold 10s,capsule,axn gold capsule 10s,0.8164965809277259,0.8164965809277259,10,10,0.0,0.0,axn capsule 10s,2.0,,,2.0,,,,ALGEN HEALTHCARE,,,89.0,3,0.8164965809277259
1208461,axn cap 1*10,,capsule,axn,axn 10s,1.0,axn,axn,axn,119580.0,axn green capsule 10s,axn,axn green 10s,capsule,axn green capsule 10s,0.8164965809277259,0.8164965809277259,10,10,0.0,0.0,axn capsule 10s,2.0,,,2.0,,,,ALGEN HEALTHCARE,,,89.0,3,0.8164965809277259
1208461,axn cap 1*10,,capsule,axn,axn 10s,1.0,axn,axn,axn,119583.0,axn t capsule 10s,axn,axn t 10s,capsule,axn t capsule 10s,0.8164965809277259,0.8164965809277259,10,10,0.0,0.0,axn capsule 10s,2.0,,,2.0,,,,ALGEN HEALTHCARE,,,89.0,3,0.8164965809277259
1220270,fludac-20 cap 1*10,,capsule,fludac,fludac 20 10s,1.0,fludac,fludac,fludac,196083.0,fludac 10 capsule 10s,fludac,fludac 10 10s,capsule,fludac 10 capsule 10s,0.6666666666666667,0.6666666666666667,10,10,0.0,0.0,fludac 20 capsule 10s,2.0,,,2.0,,,,(CADILA),,,61.04,3,0.6666666666666667
1220270,fludac-20 cap 1*10,,capsule,fludac,fludac 20 10s,1.0,fludac,fludac,fludac,196084.0,fludac 20mg capsule 15s,fludac,fludac 20 15s,capsule,fludac 20mg capsule 15s,0.6666666666666667,0.6666666666666667,10,15,1.0,0.0,fludac 20 capsule 10s,2.0,,mg,2.0,,20,,(CADILA),,,61.04,3,0.6666666666666667
1220270,fludac-20 cap 1*10,,capsule,fludac,fludac 20 10s,1.0,fludac,fludac,fludac,196085.0,fludac 60 capsule 10s,fludac,fludac 60 10s,capsule,fludac 60 capsule 10s,0.6666666666666667,0.6666666666666667,10,10,0.0,0.0,fludac 20 capsule 10s,2.0,,,2.0,,,,(CADILA),,,61.04,3,0.6666666666666667
1221197,itraclar 100 mg cap 1*10,,capsule,itraclar,itraclar 100 10s,1.0,itraclar,itraclar,itraclar,216632.0,itraclar 200 capsule 10s,itraclar,itraclar 200 10s,capsule,itraclar 200 capsule 10s,0.6666666666666667,0.6666666666666667,10,10,0.0,0.0,itraclar 100mg capsule 10s,2.0,mg,,2.0,100,,,TORRENT,,,168.85,2,0.6666666666666667
1221197,itraclar 100 mg cap 1*10,,capsule,itraclar,itraclar 100 10s,1.0,itraclar,itraclar,itraclar,370645.0,itraclar sb capsule 10s,itraclar,itraclar sb 10s,capsule,itraclar sb capsule 10s,0.6666666666666667,0.6666666666666667,10,10,0.0,0.0,itraclar 100mg capsule 10s,2.0,mg,,2.0,100,,,TORRENT,,,168.85,2,0.6666666666666667
1221430,normabrain cap 1*10,,capsule,normabrain,normabrain 10s,1.0,normabrain,normabrain,normabrain,255774.0,normabrain 400mg capsule 10s,normabrain,normabrain 400 10s,capsule,normabrain 400mg capsule 10s,0.8164965809277259,0.8164965809277259,10,10,0.0,0.0,normabrain capsule 10s,2.0,,mg,2.0,,400,,TORRENT,,,0.0,2,0.8164965809277259
1221430,normabrain cap 1*10,,capsule,normabrain,normabrain 10s,1.0,normabrain,normabrain,normabrain,255775.0,normabrain 800mg capsule 10s,normabrain,normabrain 800 10s,capsule,normabrain 800mg capsule 10s,0.8164965809277259,0.8164965809277259,10,10,0.0,0.0,normabrain capsule 10s,2.0,,mg,2.0,,800,,TORRENT,,,0.0,2,0.8164965809277259
1222453,itraclar 200 mg cap 1*15,,capsule,itraclar,itraclar 200 15s,1.0,itraclar,itraclar,itraclar,216632.0,itraclar 200 capsule 10s,itraclar,itraclar 200 10s,capsule,itraclar 200 capsule 10s,0.6666666666666667,0.6666666666666667,15,10,1.0,0.0,itraclar 200mg capsule 15s,2.0,mg,,2.0,200,,,TORRENT,,,301.8,2,0.6666666666666667
1222453,itraclar 200 mg cap 1*15,,capsule,itraclar,itraclar 200 15s,1.0,itraclar,itraclar,itraclar,362228.0,itraclar 200 capsule 4s,itraclar,itraclar 200 4s,capsule,itraclar 200 capsule 4s,0.6666666666666667,0.6666666666666667,15,4,1.0,0.0,itraclar 200mg capsule 15s,2.0,mg,,2.0,200,,,TORRENT,,,301.8,2,0.6666666666666667
1234170,wockgain cap 1*10,,capsule,wockgain,wockgain 10s,1.0,wockgain,wockgain,wockgain,376271.0,wockgain plus capsule 10s,wockgain,wockgain plus 10s,capsule,wockgain plus capsule 10s,0.8164965809277259,0.8164965809277259,10,10,0.0,0.0,wockgain capsule 10s,2.0,,,2.0,,,,MEDWOCK PHARMACEUTICALS,,,220.0,2,0.8164965809277259
1234170,wockgain cap 1*10,,capsule,wockgain,wockgain 10s,1.0,wockgain,wockgain,wockgain,382014.0,wockgain softgel capsule 10s,wockgain,wockgain softgel 10s,capsule,wockgain softgel capsule 10s,0.8164965809277259,0.8164965809277259,10,10,0.0,0.0,wockgain capsule 10s,2.0,,,2.0,,,,MEDWOCK PHARMACEUTICALS,,,220.0,2,0.8164965809277259
1246566,wockgain cap 1*10,,capsule,wockgain,wockgain 10s,1.0,wockgain,wockgain,wockgain,376271.0,wockgain plus capsule 10s,wockgain,wockgain plus 10s,capsule,wockgain plus capsule 10s,0.8164965809277259,0.8164965809277259,10,10,0.0,0.0,wockgain capsule 10s,2.0,,,2.0,,,,MEDWOCK PHARMACEUTICALS,,,220.0,2,0.8164965809277259
1246566,wockgain cap 1*10,,capsule,wockgain,wockgain 10s,1.0,wockgain,wockgain,wockgain,382014.0,wockgain softgel capsule 10s,wockgain,wockgain softgel 10s,capsule,wockgain softgel capsule 10s,0.8164965809277259,0.8164965809277259,10,10,0.0,0.0,wockgain capsule 10s,2.0,,,2.0,,,,MEDWOCK PHARMACEUTICALS,,,220.0,2,0.8164965809277259
1247609,natvie-200 cap 1*45c,,capsule,natvie,natvie 200 1 45c,1.0,natvie,natvie,natvie,249695.0,natvie 200mg capsule 10s,natvie,natvie 200 10s,capsule,natvie 200mg capsule 10s,0.5773502691896258,0.5773502691896258,,10,1.0,0.0,natvie 200 capsule 1 45c,2.0,,mg,2.0,,200,,FRANCO-(FIP),,,186.0,2,0.5773502691896258
1247609,natvie-200 cap 1*45c,,capsule,natvie,natvie 200 1 45c,1.0,natvie,natvie,natvie,372249.0,natvie 200 capsule 15s,natvie,natvie 200 15s,capsule,natvie 200 capsule 15s,0.5773502691896258,0.5773502691896258,,15,1.0,0.0,natvie 200 capsule 1 45c,2.0,,,2.0,,,,FRANCO-(FIP),,,186.0,2,0.5773502691896258
1247864,hemogold cap 10*10,,capsule,hemogold,hemogold 10,1.0,hemogold,hemogold,hemogold,209399.0,hemogold capsule 30s,hemogold,hemogold 30s,capsule,hemogold capsule 30s,0.4999999999999999,0.4999999999999999,,30,1.0,0.0,hemogold capsule 10 10,2.0,,,2.0,,,,GROUP PHARMACEUTICALS LTD.,,,150.0,2,0.4999999999999999
1247864,hemogold cap 10*10,,capsule,hemogold,hemogold 10,1.0,hemogold,hemogold,hemogold,209400.0,hemogold capsule 10s,hemogold,hemogold 10s,capsule,hemogold capsule 10s,0.4999999999999999,0.4999999999999999,,10,1.0,0.0,hemogold capsule 10 10,2.0,,,2.0,,,,GROUP PHARMACEUTICALS LTD.,,,150.0,2,0.4999999999999999
1022421,meco-od cap 1*10,,capsule,meco od,meco od 10s,1.0,meco,meco,meco,236213.0,meco 4% capsule 10s,meco,meco 4% 10s,capsule,meco 4% capsule 10s,0.6666666666666667,0.6666666666666667,10,10,0.0,0.0,meco od capsule 10s,2.0,,,2.0,,,,FOREGEN HEALTHCARE PVT.LTD.,,,153.67,3,0.6666666666666667
1022421,meco-od cap 1*10,,capsule,meco od,meco od 10s,1.0,meco,meco,meco,236215.0,meco alfa capsule 10s,meco,meco alfa 10s,capsule,meco alfa capsule 10s,0.6666666666666667,0.6666666666666667,10,10,0.0,0.0,meco od capsule 10s,2.0,,,2.0,,,,FOREGEN HEALTHCARE PVT.LTD.,,,153.67,3,0.6666666666666667
1022421,meco-od cap 1*10,,capsule,meco od,meco od 10s,1.0,meco,meco,meco,236219.0,meco p capsule 10s,meco,meco p 10s,capsule,meco p capsule 10s,0.6666666666666667,0.6666666666666667,10,10,0.0,0.0,meco od capsule 10s,2.0,,,2.0,,,,FOREGEN HEALTHCARE PVT.LTD.,,,153.67,3,0.6666666666666667
1045543,omez d-sr cap 1*15,,capsule,omez d,omez d 15s,1.0,omez,omez,omez,263343.0,omez 10 capsule 15s,omez,omez 10 15s,capsule,omez 10 capsule 15s,0.6666666666666667,0.6666666666666667,15,15,0.0,0.0,omez d capsule 15s,2.0,,,2.0,,,,DR.REDDY-[ AQURA-SG ],,,195.25,3,0.6666666666666667
1045543,omez d-sr cap 1*15,,capsule,omez d,omez d 15s,1.0,omez,omez,omez,263345.0,omez 20mg capsule 15s,omez,omez 20 15s,capsule,omez 20mg capsule 15s,0.6666666666666667,0.6666666666666667,15,15,0.0,0.0,omez d capsule 15s,2.0,,mg,2.0,,20,,DR.REDDY-[ AQURA-SG ],,,195.25,3,0.6666666666666667
1045543,omez d-sr cap 1*15,,capsule,omez d,omez d 15s,1.0,omez,omez,omez,263352.0,omez dsr capsule 15s,omez,omez dsr 15s,capsule,omez dsr capsule 15s,0.6666666666666667,0.6666666666666667,15,15,0.0,0.0,omez d capsule 15s,2.0,,,2.0,,,,DR.REDDY-[ AQURA-SG ],,,195.25,3,0.6666666666666667
1070654,selace forte cap 1*15,,capsule,selace forte,selace forte 15s,1.0,selace,selace,selace,309600.0,selace forte soft gelatin capsule 15s,selace,selace forte sg 15s,capsule,selace forte sg capsule 15s,0.8660254037844387,0.8660254037844387,15,15,0.0,0.0,selace forte capsule 15s,2.0,,,2.0,,,,UNIVERSAL,,,188.0,2,0.8660254037844387
1070654,selace forte cap 1*15,,capsule,selace forte,selace forte 15s,1.0,selace,selace,selace,309599.0,selace capsule 15s,selace,selace 15s,capsule,selace capsule 15s,0.8164965809277259,0.8660254037844387,15,15,0.0,1.0,selace forte capsule 15s,2.0,,,2.0,,,,UNIVERSAL,,,188.0,2,0.8164965809277259
1082098,rapeed-it cap 1*10,,capsule,rapeed it,rapeed it 10s,1.0,rapeed,rapeed,rapeed,286875.0,rapeed d capsule 10s,rapeed,rapeed d 10s,capsule,rapeed d capsule 10s,0.6666666666666667,0.6666666666666667,10,10,0.0,0.0,rapeed it capsule 10s,2.0,,,2.0,,,,ALKEM (*ALPHA MAX),,,120.0,2,0.6666666666666667
1082098,rapeed-it cap 1*10,,capsule,rapeed it,rapeed it 10s,1.0,rapeed,rapeed,rapeed,286876.0,rapeed l capsule sr 10s,rapeed,rapeed l 10s,capsule,rapeed l capsule 10s,0.6666666666666667,0.6666666666666667,10,10,0.0,0.0,rapeed it capsule 10s,2.0,,,2.0,,,,ALKEM (*ALPHA MAX),,,120.0,2,0.6666666666666667
1093197,tm sf cap 1*10,,capsule,tm sf,tm sf 10s,1.0,tm,tm,tm,326990.0,tm 250mg capsule 10s,tm,tm 250 10s,capsule,tm 250mg capsule 10s,0.6666666666666667,0.6666666666666667,10,10,0.0,0.0,tm sf capsule 10s,2.0,,mg,2.0,,250,,PFIZER-( FUTURA ),,,11.64,2,0.6666666666666667
1093197,tm sf cap 1*10,,capsule,tm sf,tm sf 10s,1.0,tm,tm,tm,326993.0,tm 500mg capsule 10s,tm,tm 500 10s,capsule,tm 500mg capsule 10s,0.6666666666666667,0.6666666666666667,10,10,0.0,0.0,tm sf capsule 10s,2.0,,mg,2.0,,500,,PFIZER-( FUTURA ),,,11.64,2,0.6666666666666667
1128116,osteofit-c cap 1*10,,capsule,osteofit c,osteofit c 10s,1.0,osteofit,osteofit,osteofit,267365.0,osteofit c soft gelatin capsule 10s,osteofit,osteofit c sg 10s,capsule,osteofit c sg capsule 10s,0.8660254037844387,0.8660254037844387,10,10,0.0,0.0,osteofit c capsule 10s,2.0,,,2.0,,,,ALEMBIC-( OSTEOFIT ),,,176.2,3,0.8660254037844387
1128116,osteofit-c cap 1*10,,capsule,osteofit c,osteofit c 10s,1.0,osteofit,osteofit,osteofit,267366.0,osteofit capsule 10s,osteofit,osteofit 10s,capsule,osteofit capsule 10s,0.8164965809277259,0.8660254037844387,10,10,0.0,0.0,osteofit c capsule 10s,2.0,,,2.0,,,,ALEMBIC-( OSTEOFIT ),,,176.2,3,0.8164965809277259
1128116,osteofit-c cap 1*10,,capsule,osteofit c,osteofit c 10s,1.0,osteofit,osteofit,osteofit,267370.0,osteofit xt capsule 10s,osteofit,osteofit 10s,capsule,osteofit capsule 10s,0.8164965809277259,0.8660254037844387,10,10,0.0,0.0,osteofit c capsule 10s,2.0,,,2.0,,,,ALEMBIC-( OSTEOFIT ),,,176.2,3,0.8164965809277259
1163439,omez d-sr cap  1*15,,capsule,omez d,omez d 15s,1.0,omez,omez,omez,263343.0,omez 10 capsule 15s,omez,omez 10 15s,capsule,omez 10 capsule 15s,0.6666666666666667,0.6666666666666667,15,15,0.0,0.0,omez d capsule 15s,2.0,,,2.0,,,,(DRL),,,186.0,3,0.6666666666666667
1163439,omez d-sr cap  1*15,,capsule,omez d,omez d 15s,1.0,omez,omez,omez,263345.0,omez 20mg capsule 15s,omez,omez 20 15s,capsule,omez 20mg capsule 15s,0.6666666666666667,0.6666666666666667,15,15,0.0,0.0,omez d capsule 15s,2.0,,mg,2.0,,20,,(DRL),,,186.0,3,0.6666666666666667
1163439,omez d-sr cap  1*15,,capsule,omez d,omez d 15s,1.0,omez,omez,omez,263352.0,omez dsr capsule 15s,omez,omez dsr 15s,capsule,omez dsr capsule 15s,0.6666666666666667,0.6666666666666667,15,15,0.0,0.0,omez d capsule 15s,2.0,,,2.0,,,,(DRL),,,186.0,3,0.6666666666666667
1175124,foligood-d cap 1*10,,capsule,foligood d,foligood d 10s,1.0,foligood,foligood,foligood,196888.0,foligood d soft gelatin capsule 10s,foligood,foligood d sg 10s,capsule,foligood d sg capsule 10s,0.8660254037844387,0.8660254037844387,10,10,0.0,0.0,foligood d capsule 10s,2.0,,,2.0,,,,FOREGEN HEALTHCARE PVT.LTD.,,,180.0,2,0.8660254037844387
1175124,foligood-d cap 1*10,,capsule,foligood d,foligood d 10s,1.0,foligood,foligood,foligood,369708.0,foligood capsule 10s,foligood,foligood 10s,capsule,foligood capsule 10s,0.8164965809277259,0.8660254037844387,10,10,0.0,0.0,foligood d capsule 10s,2.0,,,2.0,,,,FOREGEN HEALTHCARE PVT.LTD.,,,180.0,2,0.8164965809277259
1197100,panstal plus cap 1*10,,capsule,panstal plus,panstal plus 10s,1.0,panstal,panstal,panstal,270643.0,panstal plus 10000 capsule dr 10s,panstal,panstal plus 10000 10s,capsule,panstal plus 10000 capsule 10s,0.8660254037844387,0.8660254037844387,10,10,0.0,0.0,panstal plus capsule 10s,2.0,,,2.0,,,,CIPLA LTD.,,,180.0,2,0.8660254037844387
1197100,panstal plus cap 1*10,,capsule,panstal plus,panstal plus 10s,1.0,panstal,panstal,panstal,270640.0,panstal capsule 10s,panstal,panstal 10s,capsule,panstal capsule 10s,0.8164965809277259,0.8660254037844387,10,10,0.0,1.0,panstal plus capsule 10s,2.0,,,2.0,,,,CIPLA LTD.,,,180.0,2,0.8164965809277259
1220198,osteofit-c cap 1*10,,capsule,osteofit c,osteofit c 10s,1.0,osteofit,osteofit,osteofit,267365.0,osteofit c soft gelatin capsule 10s,osteofit,osteofit c sg 10s,capsule,osteofit c sg capsule 10s,0.8660254037844387,0.8660254037844387,10,10,0.0,0.0,osteofit c capsule 10s,2.0,,,2.0,,,,(ALEMBIC),,,202.55,3,0.8660254037844387
1220198,osteofit-c cap 1*10,,capsule,osteofit c,osteofit c 10s,1.0,osteofit,osteofit,osteofit,267366.0,osteofit capsule 10s,osteofit,osteofit 10s,capsule,osteofit capsule 10s,0.8164965809277259,0.8660254037844387,10,10,0.0,0.0,osteofit c capsule 10s,2.0,,,2.0,,,,(ALEMBIC),,,202.55,3,0.8164965809277259
1220198,osteofit-c cap 1*10,,capsule,osteofit c,osteofit c 10s,1.0,osteofit,osteofit,osteofit,267370.0,osteofit xt capsule 10s,osteofit,osteofit 10s,capsule,osteofit capsule 10s,0.8164965809277259,0.8660254037844387,10,10,0.0,0.0,osteofit c capsule 10s,2.0,,,2.0,,,,(ALEMBIC),,,202.55,3,0.8164965809277259
1220603,pantop-dsr cap 1*10,,capsule,pantop dsr,pantop dsr 10s,1.0,pantop,pantop,pantop,271224.0,pantop it capsule sr 10s,pantop,pantop it 10s,capsule,pantop it capsule 10s,0.6666666666666667,0.6666666666666667,10,10,0.0,0.0,pantop dsr capsule 10s,2.0,,,2.0,,,,ARISTO MF-1,,,140.0,6,0.6666666666666667
1220603,pantop-dsr cap 1*10,,capsule,pantop dsr,pantop dsr 10s,1.0,pantop,pantop,pantop,271225.0,pantop ls capsule sr 10s,pantop,pantop ls 10s,capsule,pantop ls capsule 10s,0.6666666666666667,0.6666666666666667,10,10,0.0,0.0,pantop dsr capsule 10s,2.0,,,2.0,,,,ARISTO MF-1,,,140.0,6,0.6666666666666667
1220603,pantop-dsr cap 1*10,,capsule,pantop dsr,pantop dsr 10s,1.0,pantop,pantop,pantop,271227.0,pantop plus capsule 10s,pantop,pantop plus 10s,capsule,pantop plus capsule 10s,0.6666666666666667,0.6666666666666667,10,10,0.0,0.0,pantop dsr capsule 10s,2.0,,,2.0,,,,ARISTO MF-1,,,140.0,6,0.6666666666666667
1220603,pantop-dsr cap 1*10,,capsule,pantop dsr,pantop dsr 10s,1.0,pantop,pantop,pantop,271235.0,pantop d capsule 10s,pantop,pantop d 10s,capsule,pantop d capsule 10s,0.6666666666666667,0.6666666666666667,10,10,0.0,0.0,pantop dsr capsule 10s,2.0,,,2.0,,,,ARISTO MF-1,,,140.0,6,0.6666666666666667
1220603,pantop-dsr cap 1*10,,capsule,pantop dsr,pantop dsr 10s,1.0,pantop,pantop,pantop,271236.0,pantop d sr capsule 10s,pantop,pantop d 10s,capsule,pantop d capsule 10s,0.6666666666666667,0.6666666666666667,10,10,0.0,0.0,pantop dsr capsule 10s,2.0,,,2.0,,,,ARISTO MF-1,,,140.0,6,0.6666666666666667
1220603,pantop-dsr cap 1*10,,capsule,pantop dsr,pantop dsr 10s,1.0,pantop,pantop,pantop,271249.0,pantop m capsule sr 10s,pantop,pantop m 10s,capsule,pantop m capsule 10s,0.6666666666666667,0.6666666666666667,10,10,0.0,0.0,pantop dsr capsule 10s,2.0,,,2.0,,,,ARISTO MF-1,,,140.0,6,0.6666666666666667
1221311,rozucor gold 20 cap 10 str 1*10,,capsule,rozucor gold,rozucor gold 20 10 str 10s,1.0,rozucor,rozucor,rozucor,294495.0,rozucor gold 10 capsule 10s,rozucor,rozucor gold 10 10s,capsule,rozucor gold 10 capsule 10s,0.8164965809277261,0.8164965809277261,10,10,0.0,0.0,rozucor gold 20 capsule 10 str 10s,2.0,,,2.0,,,,TORRENT (DELTA),,,293.5,2,0.8164965809277261
1221311,rozucor gold 20 cap 10 str 1*10,,capsule,rozucor gold,rozucor gold 20 10 str 10s,1.0,rozucor,rozucor,rozucor,294496.0,rozucor gold 20 capsule 10s,rozucor,rozucor gold 20 10s,capsule,rozucor gold 20 capsule 10s,0.8164965809277261,0.8164965809277261,10,10,0.0,0.0,rozucor gold 20 capsule 10 str 10s,2.0,,,2.0,,,,TORRENT (DELTA),,,293.5,2,0.8164965809277261
1221317,unistar gold 20 cap 10 str 1*10,,capsule,unistar gold,unistar gold 20 10 str 10s,1.0,unistar,unistar,unistar,333555.0,unistar gold 10/75 capsule 10s,unistar,unistar gold 10/75 10s,capsule,unistar gold 10/75 capsule 10s,0.7302967433402214,0.7302967433402214,10,10,0.0,0.0,unistar gold 20 capsule 10 str 10s,2.0,,,2.0,,,,TORRENT,,,265.7,2,0.7302967433402214
1221317,unistar gold 20 cap 10 str 1*10,,capsule,unistar gold,unistar gold 20 10 str 10s,1.0,unistar,unistar,unistar,333556.0,unistar gold 20/75 capsule 10s,unistar,unistar gold 20/75 10s,capsule,unistar gold 20/75 capsule 10s,0.7302967433402214,0.7302967433402214,10,10,0.0,0.0,unistar gold 20 capsule 10 str 10s,2.0,,,2.0,,,,TORRENT,,,265.7,2,0.7302967433402214
1222056,sildoo-d4 cap 1*10,,capsule,sildoo d4,sildoo d4 10s,1.0,sildoo,sildoo,sildoo,311961.0,sildoo 4 capsule 10s,sildoo,sildoo 4 10s,capsule,sildoo 4 capsule 10s,0.6666666666666667,0.6666666666666667,10,10,0.0,0.0,sildoo d4 capsule 10s,2.0,,,2.0,,,,DR.REDDY^S LABORATORIES LTD.,,,230.0,2,0.6666666666666667
1222056,sildoo-d4 cap 1*10,,capsule,sildoo d4,sildoo d4 10s,1.0,sildoo,sildoo,sildoo,311962.0,sildoo 8 capsule 10s,sildoo,sildoo 8 10s,capsule,sildoo 8 capsule 10s,0.6666666666666667,0.6666666666666667,10,10,0.0,0.0,sildoo d4 capsule 10s,2.0,,,2.0,,,,DR.REDDY^S LABORATORIES LTD.,,,230.0,2,0.6666666666666667
1222057,sildoo-d8 cap 1*10,,capsule,sildoo d8,sildoo d8 10s,1.0,sildoo,sildoo,sildoo,311961.0,sildoo 4 capsule 10s,sildoo,sildoo 4 10s,capsule,sildoo 4 capsule 10s,0.6666666666666667,0.6666666666666667,10,10,0.0,0.0,sildoo d8 capsule 10s,2.0,,,2.0,,,,DR.REDDY^S LABORATORIES LTD.,,,399.25,2,0.6666666666666667
1222057,sildoo-d8 cap 1*10,,capsule,sildoo d8,sildoo d8 10s,1.0,sildoo,sildoo,sildoo,311962.0,sildoo 8 capsule 10s,sildoo,sildoo 8 10s,capsule,sildoo 8 capsule 10s,0.6666666666666667,0.6666666666666667,10,10,0.0,0.0,sildoo d8 capsule 10s,2.0,,,2.0,,,,DR.REDDY^S LABORATORIES LTD.,,,399.25,2,0.6666666666666667
1234100,astymin-forte cap 2*15,,capsule,astymin forte,astymin forte 2 15,1.0,astymin,astymin,astymin,116984.0,astymin forte capsule 20s,astymin,astymin forte 20s,capsule,astymin forte capsule 20s,0.5773502691896258,0.5773502691896258,a,20,1.0,0.0,astymin forte capsule 2 15,2.0,,,2.0,,,,TABLETS(INDIA)LIMITED,,,398.0,4,0.5773502691896258
1234100,astymin-forte cap 2*15,,capsule,astymin forte,astymin forte 2 15,1.0,astymin,astymin,astymin,366814.0,astymin forte capsule 30s,astymin,astymin forte 30s,capsule,astymin forte capsule 30s,0.5773502691896258,0.5773502691896258,a,30,1.0,0.0,astymin forte capsule 2 15,2.0,,,2.0,,,,TABLETS(INDIA)LIMITED,,,398.0,4,0.5773502691896258
1234100,astymin-forte cap 2*15,,capsule,astymin forte,astymin forte 2 15,1.0,astymin,astymin,astymin,380199.0,astymin forte capsule 15s,astymin,astymin forte 15s,capsule,astymin forte capsule 15s,0.5773502691896258,0.5773502691896258,a,15,1.0,0.0,astymin forte capsule 2 15,2.0,,,2.0,,,,TABLETS(INDIA)LIMITED,,,398.0,4,0.5773502691896258
1234100,astymin-forte cap 2*15,,capsule,astymin forte,astymin forte 2 15,1.0,astymin,astymin,astymin,382245.0,astymin forte capsule 10s,astymin,astymin forte 10s,capsule,astymin forte capsule 10s,0.5773502691896258,0.5773502691896258,a,10,1.0,0.0,astymin forte capsule 2 15,2.0,,,2.0,,,,TABLETS(INDIA)LIMITED,,,398.0,4,0.5773502691896258
1234248,pantec-dsr cap 1*10,,capsule,pantec dsr,pantec dsr 10s,1.0,pantec,pantec,pantec,270913.0,pantec d capsule 10s,pantec,pantec d 10s,capsule,pantec d capsule 10s,0.6666666666666667,0.6666666666666667,10,10,0.0,0.0,pantec dsr capsule 10s,2.0,,,2.0,,,,CONCEPT PHARMA.LTD,,,108.0,2,0.6666666666666667
1234248,pantec-dsr cap 1*10,,capsule,pantec dsr,pantec dsr 10s,1.0,pantec,pantec,pantec,270914.0,pantec d sr capsule 10s,pantec,pantec d 10s,capsule,pantec d capsule 10s,0.6666666666666667,0.6666666666666667,10,10,0.0,0.0,pantec dsr capsule 10s,2.0,,,2.0,,,,CONCEPT PHARMA.LTD,,,108.0,2,0.6666666666666667
1245219,dox-q cap 1*10,,capsule,dox q,dox q 10s,1.0,dox,dox,dox,169819.0,dox 10mg capsule 10s,dox,dox 10 10s,capsule,dox 10mg capsule 10s,0.6666666666666667,0.6666666666666667,10,10,0.0,0.0,dox q capsule 10s,2.0,,mg,2.0,,10,,CURITON LIFE SCIENCES PVT. LTD.,,,92.0,2,0.6666666666666667
1245219,dox-q cap 1*10,,capsule,dox q,dox q 10s,1.0,dox,dox,dox,169822.0,dox 75mg capsule 10s,dox,dox 75 10s,capsule,dox 75mg capsule 10s,0.6666666666666667,0.6666666666666667,10,10,0.0,0.0,dox q capsule 10s,2.0,,mg,2.0,,75,,CURITON LIFE SCIENCES PVT. LTD.,,,92.0,2,0.6666666666666667
1247760,diavit plus cap 1*30c,,capsule,diavit plus,diavit plus 1 30c,1.0,diavit,diavit,diavit,165856.0,diavit plus capsule 30s,diavit,diavit plus 30s,capsule,diavit plus capsule 30s,0.5773502691896258,0.5773502691896258,plu,30,1.0,0.0,diavit plus capsule 1 30c,2.0,,,2.0,,,,FRANCO-INDIAN PHARMA,,,420.0,2,0.5773502691896258
1247760,diavit plus cap 1*30c,,capsule,diavit plus,diavit plus 1 30c,1.0,diavit,diavit,diavit,361787.0,diavit plus capsule 10s,diavit,diavit plus 10s,capsule,diavit plus capsule 10s,0.5773502691896258,0.5773502691896258,plu,10,1.0,0.0,diavit plus capsule 1 30c,2.0,,,2.0,,,,FRANCO-INDIAN PHARMA,,,420.0,2,0.5773502691896258
1080889,gb-lin m-75 cap 1*10,,capsule,gb lin m,gb lin m 75 10s,1.0,gb lin,gb,gb,200188.0,gb 100a capsule 10s,gb,gb 100a 10s,capsule,gb 100a capsule 10s,0.5163977794943222,0.5163977794943222,10,10,0.0,0.0,gb lin m 75 capsule 10s,2.0,,,2.0,,,,ALKEM-(*MEDIVA ),,,82.45,2,0.5163977794943222
1080889,gb-lin m-75 cap 1*10,,capsule,gb lin m,gb lin m 75 10s,1.0,gb lin,gb,gb,200191.0,gb 29 capsule 10s,gb,gb 29 10s,capsule,gb 29 capsule 10s,0.5163977794943222,0.5163977794943222,10,10,0.0,0.0,gb lin m 75 capsule 10s,2.0,,,2.0,,,,ALKEM-(*MEDIVA ),,,82.45,2,0.5163977794943222
1082193,r-pure d cap 1*10,,capsule,r pure d,r pure d 10s,1.0,r pure,r,r,284457.0,r pure d 30 mg/20 mg capsule 10s,r,r pure d 30/20 10s,capsule,r pure d 30mg/20mg capsule 10s,0.8164965809277261,0.8164965809277261,10,10,0.0,0.0,r pure d capsule 10s,2.0,,mg,2.0,,30,,ZUVENTUS-( LASOR ),,,94.55,3,0.8164965809277261
1082193,r-pure d cap 1*10,,capsule,r pure d,r pure d 10s,1.0,r pure,r,r,284383.0,r cid d capsule 10s,r,r cid d 10s,capsule,r cid d capsule 10s,0.75,0.8164965809277261,10,10,0.0,0.0,r pure d capsule 10s,2.0,,,2.0,,,,ZUVENTUS-( LASOR ),,,94.55,3,0.75
1082193,r-pure d cap 1*10,,capsule,r pure d,r pure d 10s,1.0,r pure,r,r,284444.0,r press d capsule 10s,r,r press d 10s,capsule,r press d capsule 10s,0.75,0.8164965809277261,10,10,0.0,0.0,r pure d capsule 10s,2.0,,,2.0,,,,ZUVENTUS-( LASOR ),,,94.55,3,0.75
1234102,astymin-m forte cap 2*15,,capsule,astymin m forte,astymin m forte 2 15,1.0,astymin m,astymin,astymin,116987.0,astymin m forte capsule 20s,astymin,astymin m forte 20s,capsule,astymin m forte capsule 20s,0.6708203932499369,0.6708203932499369,a,20,1.0,0.0,astymin m forte capsule 2 15,2.0,,,2.0,,,,TABLETS(INDIA)LIMITED,,,476.0,4,0.6708203932499369
1234102,astymin-m forte cap 2*15,,capsule,astymin m forte,astymin m forte 2 15,1.0,astymin m,astymin,astymin,366815.0,astymin m forte capsule 30s,astymin,astymin m forte 30s,capsule,astymin m forte capsule 30s,0.6708203932499369,0.6708203932499369,a,30,1.0,0.0,astymin m forte capsule 2 15,2.0,,,2.0,,,,TABLETS(INDIA)LIMITED,,,476.0,4,0.6708203932499369
1234102,astymin-m forte cap 2*15,,capsule,astymin m forte,astymin m forte 2 15,1.0,astymin m,astymin,astymin,380201.0,astymin m forte capsule 15s,astymin,astymin m forte 15s,capsule,astymin m forte capsule 15s,0.6708203932499369,0.6708203932499369,a,15,1.0,0.0,astymin m forte capsule 2 15,2.0,,,2.0,,,,TABLETS(INDIA)LIMITED,,,476.0,4,0.6708203932499369
1234102,astymin-m forte cap 2*15,,capsule,astymin m forte,astymin m forte 2 15,1.0,astymin m,astymin,astymin,382244.0,astymin m forte capsule 10s,astymin,astymin m forte 10s,capsule,astymin m forte capsule 10s,0.6708203932499369,0.6708203932499369,a,10,1.0,0.0,astymin m forte capsule 2 15,2.0,,,2.0,,,,TABLETS(INDIA)LIMITED,,,476.0,4,0.6708203932499369
1234104,astymin-z forte cap 2*15,,capsule,astymin z forte,astymin z forte 2 15,1.0,astymin z,astymin,astymin,116988.0,astymin  z forte capsule 20s,astymin,astymin z forte 20s,capsule,astymin z forte capsule 20s,0.6708203932499369,0.6708203932499369,a,20,1.0,0.0,astymin z forte capsule 2 15,2.0,,,2.0,,,,TABLETS(INDIA)LIMITED,,,423.0,3,0.6708203932499369
1234104,astymin-z forte cap 2*15,,capsule,astymin z forte,astymin z forte 2 15,1.0,astymin z,astymin,astymin,366816.0,astymin z forte capsule 30s,astymin,astymin z forte 30s,capsule,astymin z forte capsule 30s,0.6708203932499369,0.6708203932499369,a,30,1.0,0.0,astymin z forte capsule 2 15,2.0,,,2.0,,,,TABLETS(INDIA)LIMITED,,,423.0,3,0.6708203932499369
1234104,astymin-z forte cap 2*15,,capsule,astymin z forte,astymin z forte 2 15,1.0,astymin z,astymin,astymin,382246.0,astymin z forte capsule 15s,astymin,astymin z forte 15s,capsule,astymin z forte capsule 15s,0.6708203932499369,0.6708203932499369,a,15,1.0,0.0,astymin z forte capsule 2 15,2.0,,,2.0,,,,TABLETS(INDIA)LIMITED,,,423.0,3,0.6708203932499369
1246287,q-pan dsr cap 1*10,,capsule,q pan dsr,q pan dsr 10s,1.0,q pan,q,q,283382.0,q next capsule 10s,q,q next 10s,capsule,q next capsule 10s,0.5773502691896258,0.5773502691896258,10,10,0.0,1.0,q pan dsr capsule 10s,2.0,,,2.0,,,,CURITON LIFE SCIENCES PVT. LTD.,,,102.5,18,0.5773502691896258
1246287,q-pan dsr cap 1*10,,capsule,q pan dsr,q pan dsr 10s,1.0,q pan,q,q,283420.0,q star capsule 10s,q,q star 10s,capsule,q star capsule 10s,0.5773502691896258,0.5773502691896258,10,10,0.0,1.0,q pan dsr capsule 10s,2.0,,,2.0,,,,CURITON LIFE SCIENCES PVT. LTD.,,,102.5,18,0.5773502691896258
1246287,q-pan dsr cap 1*10,,capsule,q pan dsr,q pan dsr 10s,1.0,q pan,q,q,283432.0,q ten capsule 10s,q,q ten 10s,capsule,q ten capsule 10s,0.5773502691896258,0.5773502691896258,10,10,0.0,1.0,q pan dsr capsule 10s,2.0,,,2.0,,,,CURITON LIFE SCIENCES PVT. LTD.,,,102.5,18,0.5773502691896258
1246287,q-pan dsr cap 1*10,,capsule,q pan dsr,q pan dsr 10s,1.0,q pan,q,q,283452.0,q active capsule 10s,q,q active 10s,capsule,q active capsule 10s,0.5773502691896258,0.5773502691896258,10,10,0.0,1.0,q pan dsr capsule 10s,2.0,,,2.0,,,,CURITON LIFE SCIENCES PVT. LTD.,,,102.5,18,0.5773502691896258
1246287,q-pan dsr cap 1*10,,capsule,q pan dsr,q pan dsr 10s,1.0,q pan,q,q,283521.0,q forte capsule 10s,q,q forte 10s,capsule,q forte capsule 10s,0.5773502691896258,0.5773502691896258,10,10,0.0,1.0,q pan dsr capsule 10s,2.0,,,2.0,,,,CURITON LIFE SCIENCES PVT. LTD.,,,102.5,18,0.5773502691896258
1246287,q-pan dsr cap 1*10,,capsule,q pan dsr,q pan dsr 10s,1.0,q pan,q,q,283525.0,q grace capsule 10s,q,q grace 10s,capsule,q grace capsule 10s,0.5773502691896258,0.5773502691896258,10,10,0.0,1.0,q pan dsr capsule 10s,2.0,,,2.0,,,,CURITON LIFE SCIENCES PVT. LTD.,,,102.5,18,0.5773502691896258
1246287,q-pan dsr cap 1*10,,capsule,q pan dsr,q pan dsr 10s,1.0,q pan,q,q,283567.0,q mac capsule 10s,q,q mac 10s,capsule,q mac capsule 10s,0.5773502691896258,0.5773502691896258,10,10,0.0,1.0,q pan dsr capsule 10s,2.0,,,2.0,,,,CURITON LIFE SCIENCES PVT. LTD.,,,102.5,18,0.5773502691896258
1246287,q-pan dsr cap 1*10,,capsule,q pan dsr,q pan dsr 10s,1.0,q pan,q,q,283575.0,q mega capsule 10s,q,q mega 10s,capsule,q mega capsule 10s,0.5773502691896258,0.5773502691896258,10,10,0.0,1.0,q pan dsr capsule 10s,2.0,,,2.0,,,,CURITON LIFE SCIENCES PVT. LTD.,,,102.5,18,0.5773502691896258
1246287,q-pan dsr cap 1*10,,capsule,q pan dsr,q pan dsr 10s,1.0,q pan,q,q,283591.0,q nock capsule 10s,q,q nock 10s,capsule,q nock capsule 10s,0.5773502691896258,0.5773502691896258,10,10,0.0,1.0,q pan dsr capsule 10s,2.0,,,2.0,,,,CURITON LIFE SCIENCES PVT. LTD.,,,102.5,18,0.5773502691896258
1246287,q-pan dsr cap 1*10,,capsule,q pan dsr,q pan dsr 10s,1.0,q pan,q,q,283607.0,q one capsule 10s,q,q one 10s,capsule,q one capsule 10s,0.5773502691896258,0.5773502691896258,10,10,0.0,1.0,q pan dsr capsule 10s,2.0,,,2.0,,,,CURITON LIFE SCIENCES PVT. LTD.,,,102.5,18,0.5773502691896258
1246287,q-pan dsr cap 1*10,,capsule,q pan dsr,q pan dsr 10s,1.0,q pan,q,q,283660.0,q sense capsule 10s,q,q sense 10s,capsule,q sense capsule 10s,0.5773502691896258,0.5773502691896258,10,10,0.0,1.0,q pan dsr capsule 10s,2.0,,,2.0,,,,CURITON LIFE SCIENCES PVT. LTD.,,,102.5,18,0.5773502691896258
1246287,q-pan dsr cap 1*10,,capsule,q pan dsr,q pan dsr 10s,1.0,q pan,q,q,283718.0,q tor capsule 10s,q,q tor 10s,capsule,q tor capsule 10s,0.5773502691896258,0.5773502691896258,10,10,0.0,1.0,q pan dsr capsule 10s,2.0,,,2.0,,,,CURITON LIFE SCIENCES PVT. LTD.,,,102.5,18,0.5773502691896258
1246287,q-pan dsr cap 1*10,,capsule,q pan dsr,q pan dsr 10s,1.0,q pan,q,q,283719.0,q tox capsule 10s,q,q tox 10s,capsule,q tox capsule 10s,0.5773502691896258,0.5773502691896258,10,10,0.0,1.0,q pan dsr capsule 10s,2.0,,,2.0,,,,CURITON LIFE SCIENCES PVT. LTD.,,,102.5,18,0.5773502691896258
1246287,q-pan dsr cap 1*10,,capsule,q pan dsr,q pan dsr 10s,1.0,q pan,q,q,284337.0,q vestin capsule 10s,q,q vestin 10s,capsule,q vestin capsule 10s,0.5773502691896258,0.5773502691896258,10,10,0.0,1.0,q pan dsr capsule 10s,2.0,,,2.0,,,,CURITON LIFE SCIENCES PVT. LTD.,,,102.5,18,0.5773502691896258
1246287,q-pan dsr cap 1*10,,capsule,q pan dsr,q pan dsr 10s,1.0,q pan,q,q,284363.0,q zim q capsule 10s,q,q zim 10s,capsule,q zim q capsule 10s,0.5773502691896258,0.5773502691896258,10,10,0.0,1.0,q pan dsr capsule 10s,2.0,,,2.0,,,,CURITON LIFE SCIENCES PVT. LTD.,,,102.5,18,0.5773502691896258
1246287,q-pan dsr cap 1*10,,capsule,q pan dsr,q pan dsr 10s,1.0,q pan,q,q,373625.0,q mark capsule 10s,q,q mark 10s,capsule,q mark capsule 10s,0.5773502691896258,0.5773502691896258,10,10,0.0,1.0,q pan dsr capsule 10s,2.0,,,2.0,,,,CURITON LIFE SCIENCES PVT. LTD.,,,102.5,18,0.5773502691896258
1246287,q-pan dsr cap 1*10,,capsule,q pan dsr,q pan dsr 10s,1.0,q pan,q,q,379445.0,q-mek capsule 10s,q,q mek 10s,capsule,q mek capsule 10s,0.5773502691896258,0.5773502691896258,10,10,0.0,1.0,q pan dsr capsule 10s,2.0,,,2.0,,,,CURITON LIFE SCIENCES PVT. LTD.,,,102.5,18,0.5773502691896258
1246287,q-pan dsr cap 1*10,,capsule,q pan dsr,q pan dsr 10s,1.0,q pan,q,q,380180.0,q gold capsule 10s,q,q gold 10s,capsule,q gold capsule 10s,0.5773502691896258,0.5773502691896258,10,10,0.0,1.0,q pan dsr capsule 10s,2.0,,,2.0,,,,CURITON LIFE SCIENCES PVT. LTD.,,,102.5,18,0.5773502691896258
1246368,pregalin d-50/20 cap 1*10,,capsule,pregalin d 50/20,pregalin d 50/20 10s,1.0,pregalin d,pregalin,pregalin,378141.0,pregalin d 75mg/20mg capsule 10s,pregalin,pregalin d 75/20 10s,capsule,pregalin d 75mg/20mg capsule 10s,0.7999999999999998,0.7999999999999998,10,10,0.0,0.0,pregalin d 50/20 capsule 10s,2.0,,mg,2.0,,75,,TORRENT,,,139.0,2,0.7999999999999998
1246368,pregalin d-50/20 cap 1*10,,capsule,pregalin d 50/20,pregalin d 50/20 10s,1.0,pregalin d,pregalin,pregalin,279567.0,pregalin 50 capsule 10s,pregalin,pregalin 50 10s,capsule,pregalin 50 capsule 10s,0.7745966692414834,0.7999999999999998,10,10,0.0,0.0,pregalin d 50/20 capsule 10s,2.0,,,2.0,,,,TORRENT,,,139.0,2,0.7745966692414834
1247645,funzi it-sb-130 cap 1*10,,capsule,funzi it sb,funzi it sb 130 10s,1.0,funzi it,funzi,funzi,198619.0,funzi it 100mg capsule 10s,funzi,funzi it 100 10s,capsule,funzi it 100mg capsule 10s,0.6708203932499369,0.6708203932499369,10,10,0.0,0.0,funzi it sb 130 capsule 10s,2.0,,mg,2.0,,100,,CORONA REMEDIES,,,230.0,2,0.6708203932499369
1247645,funzi it-sb-130 cap 1*10,,capsule,funzi it sb,funzi it sb 130 10s,1.0,funzi it,funzi,funzi,198621.0,funzi it 200 capsule 10s,funzi,funzi it 200 10s,capsule,funzi it 200 capsule 10s,0.6708203932499369,0.6708203932499369,10,10,0.0,0.0,funzi it sb 130 capsule 10s,2.0,,,2.0,,,,CORONA REMEDIES,,,230.0,2,0.6708203932499369
1247646,funzi it-sb-65 cap 1*10,,capsule,funzi it sb,funzi it sb 65 10s,1.0,funzi it,funzi,funzi,198619.0,funzi it 100mg capsule 10s,funzi,funzi it 100 10s,capsule,funzi it 100mg capsule 10s,0.6708203932499369,0.6708203932499369,10,10,0.0,0.0,funzi it sb 65 capsule 10s,2.0,,mg,2.0,,100,,CORONA REMEDIES,,,146.4,2,0.6708203932499369
1247646,funzi it-sb-65 cap 1*10,,capsule,funzi it sb,funzi it sb 65 10s,1.0,funzi it,funzi,funzi,198621.0,funzi it 200 capsule 10s,funzi,funzi it 200 10s,capsule,funzi it 200 capsule 10s,0.6708203932499369,0.6708203932499369,10,10,0.0,0.0,funzi it sb 65 capsule 10s,2.0,,,2.0,,,,CORONA REMEDIES,,,146.4,2,0.6708203932499369
1022265,bio e 400 iu cap 1*10,,capsule,bio e 400 iu,bio e 400 iu 10s,1.0,bio e 400,bio e,bio,126775.0,bio e 100iu capsule 10s,bio,bio e 100iu 10s,capsule,bio e 100iu capsule 10s,0.6708203932499369,0.6708203932499369,10,10,0.0,0.0,bio e 400 iu capsule 10s,0.0,iu,iu,2.0,,,,DRL(AQURA),,,13.21,2,0.6708203932499369
1022265,bio e 400 iu cap 1*10,,capsule,bio e 400 iu,bio e 400 iu 10s,1.0,bio e 400,bio e,bio,126768.0,bio capsule 10s,bio,bio 10s,capsule,bio capsule 10s,0.6324555320336759,0.6708203932499369,10,10,0.0,0.0,bio e 400 iu capsule 10s,2.0,iu,,2.0,,,,DRL(AQURA),,,13.21,2,0.6324555320336759
