item_code,brand_x,Master Catalogue name,medicine_type_x,exp_sku_brand,mod_brand,count_syp,exp_sku_brand2,exp_sku_brand3,exp_sku_brand4,exp_sku_brand5,id,brand_y,medicine_type_y,sku_brand,new_brand,new_brand2,cosine,max_cosine,salt_flag,mod_brand2,uom_flag,uom_x,uom_y,pack,manufacturer,catg,subcatg,mrp,medicine_type_flag,count_cap,count_tab,count,mod_cosine
113950,nivea creme soft soap 125 gm,,others,nivea,nivea cream soft soap 125,0,nivea,nivea,nivea,nivea,254933.0,nivea soft creme 25ml,others,nivea,nivea soft cream 25,nivea soft cream 25ml ,0.6708203932499369,0.6708203932499369,0,nivea cream soft soap 125gm ,1.0,gm ,ml ,,Reckitt Benckiser India Pvt Ltd,,,82,0,,,5,0.6708203932499369
113950,nivea creme soft soap 125 gm,,others,nivea,nivea cream soft soap 125,0,nivea,nivea,nivea,nivea,254934.0,nivea soft creme 50ml,others,nivea,nivea soft cream 50,nivea soft cream 50ml ,0.6708203932499369,0.6708203932499369,0,nivea cream soft soap 125gm ,1.0,gm ,ml ,,Reckitt Benckiser India Pvt Ltd,,,82,0,,,5,0.6708203932499369
113950,nivea creme soft soap 125 gm,,others,nivea,nivea cream soft soap 125,0,nivea,nivea,nivea,nivea,254935.0,nivea soft creme 100ml,others,nivea,nivea soft cream 100,nivea soft cream 100ml ,0.6708203932499369,0.6708203932499369,0,nivea cream soft soap 125gm ,1.0,gm ,ml ,,Reckitt Benckiser India Pvt Ltd,,,82,0,,,5,0.6708203932499369
113950,nivea creme soft soap 125 gm,,others,nivea,nivea cream soft soap 125,0,nivea,nivea,nivea,nivea,254936.0,nivea soft creme 300ml,others,nivea,nivea soft cream 300,nivea soft cream 300ml ,0.6708203932499369,0.6708203932499369,0,nivea cream soft soap 125gm ,1.0,gm ,ml ,,Reckitt Benckiser India Pvt Ltd,,,82,0,,,5,0.6708203932499369
113950,nivea creme soft soap 125 gm,,others,nivea,nivea cream soft soap 125,0,nivea,nivea,nivea,nivea,254938.0,nivea soft creme 200ml,others,nivea,nivea soft cream 200,nivea soft cream 200ml ,0.6708203932499369,0.6708203932499369,0,nivea cream soft soap 125gm ,1.0,gm ,ml ,,Reckitt Benckiser India Pvt Ltd,,,82,0,,,5,0.6708203932499369
842867,nivea oil in lotion rose & argan oil for dry skin 400 ml,,others,nivea,nivea oil in lotion rose & argan for dry skin 400,0,nivea,nivea,nivea,nivea,254894.0,nivea body milk nourishing body lotion 400ml,others,nivea,nivea body milk nourishing lotion 400,nivea body milk nourishing body lotion 400ml ,0.3872983346207417,0.3872983346207417,0,nivea oil in lotion rose & argan oil for dry skin 400ml ,0.0,ml ,ml ,,Reckitt Benckiser India Pvt Ltd,,,360,0,,,3,0.3872983346207417
842867,nivea oil in lotion rose & argan oil for dry skin 400 ml,,others,nivea,nivea oil in lotion rose & argan for dry skin 400,0,nivea,nivea,nivea,nivea,254898.0,nivea cocoa nourish body lotion 400ml,others,nivea,nivea cocoa nourish body lotion 400,nivea cocoa nourish body lotion 400ml ,0.3872983346207417,0.3872983346207417,0,nivea oil in lotion rose & argan oil for dry skin 400ml ,0.0,ml ,ml ,,Reckitt Benckiser India Pvt Ltd,,,360,0,,,3,0.3872983346207417
842867,nivea oil in lotion rose & argan oil for dry skin 400 ml,,others,nivea,nivea oil in lotion rose & argan for dry skin 400,0,nivea,nivea,nivea,nivea,372514.0,nivea express hydration body lotion 400ml,others,nivea,nivea express hydration body lotion 400,nivea express hydration body lotion 400ml ,0.3872983346207417,0.3872983346207417,0,nivea oil in lotion rose & argan oil for dry skin 400ml ,0.0,ml ,ml ,,Reckitt Benckiser India Pvt Ltd,,,360,0,,,3,0.3872983346207417
897093,nivea creme soft soap 75 gm,,others,nivea,nivea cream soft soap 75,0,nivea,nivea,nivea,nivea,254933.0,nivea soft creme 25ml,others,nivea,nivea soft cream 25,nivea soft cream 25ml ,0.6708203932499369,0.6708203932499369,0,nivea cream soft soap 75gm ,1.0,gm ,ml ,,Reckitt Benckiser India Pvt Ltd,,,82,0,,,5,0.6708203932499369
897093,nivea creme soft soap 75 gm,,others,nivea,nivea cream soft soap 75,0,nivea,nivea,nivea,nivea,254934.0,nivea soft creme 50ml,others,nivea,nivea soft cream 50,nivea soft cream 50ml ,0.6708203932499369,0.6708203932499369,0,nivea cream soft soap 75gm ,1.0,gm ,ml ,,Reckitt Benckiser India Pvt Ltd,,,82,0,,,5,0.6708203932499369
897093,nivea creme soft soap 75 gm,,others,nivea,nivea cream soft soap 75,0,nivea,nivea,nivea,nivea,254935.0,nivea soft creme 100ml,others,nivea,nivea soft cream 100,nivea soft cream 100ml ,0.6708203932499369,0.6708203932499369,0,nivea cream soft soap 75gm ,1.0,gm ,ml ,,Reckitt Benckiser India Pvt Ltd,,,82,0,,,5,0.6708203932499369
897093,nivea creme soft soap 75 gm,,others,nivea,nivea cream soft soap 75,0,nivea,nivea,nivea,nivea,254936.0,nivea soft creme 300ml,others,nivea,nivea soft cream 300,nivea soft cream 300ml ,0.6708203932499369,0.6708203932499369,0,nivea cream soft soap 75gm ,1.0,gm ,ml ,,Reckitt Benckiser India Pvt Ltd,,,82,0,,,5,0.6708203932499369
897093,nivea creme soft soap 75 gm,,others,nivea,nivea cream soft soap 75,0,nivea,nivea,nivea,nivea,254938.0,nivea soft creme 200ml,others,nivea,nivea soft cream 200,nivea soft cream 200ml ,0.6708203932499369,0.6708203932499369,0,nivea cream soft soap 75gm ,1.0,gm ,ml ,,Reckitt Benckiser India Pvt Ltd,,,82,0,,,5,0.6708203932499369
13599,nivea body lotion express hydration (normal skin) 75ml,,others,nivea body,nivea body lotion express hydration normal skin 75,0,nivea,nivea,nivea,nivea,372514.0,nivea express hydration body lotion 400ml,others,nivea,nivea express hydration body lotion 400,nivea express hydration body lotion 400ml ,0.7216878364870323,0.7216878364870323,0,nivea body lotion express hydration normal skin 75ml ,0.0,ml ,ml ,,Reckitt Benckiser India Pvt Ltd,,,245,0,,,2,0.7216878364870323
13599,nivea body lotion express hydration (normal skin) 75ml,,others,nivea body,nivea body lotion express hydration normal skin 75,0,nivea,nivea,nivea,nivea,254885.0,nivea aloe hydration body lotion 75ml,others,nivea,nivea aloe vera hydration body lotion 75,nivea aloe vera hydration body lotion 75ml ,0.6681531047810609,0.7216878364870323,0,nivea body lotion express hydration normal skin 75ml ,0.0,ml ,ml ,,Reckitt Benckiser India Pvt Ltd,,,245,0,,,2,0.6681531047810609
15501,himalaya baby cream extra soft & gentle 50 ml,,others,himalaya baby,himalaya baby cream extra soft & gentle 50,0,himalaya,himalaya,himalaya,himalaya,364402.0,himalaya baby cream 50gm,others,himalaya,himalaya baby cream 50,himalaya baby cream 50gm ,0.7559289460184544,0.7559289460184544,0,himalaya baby cream extra soft & gentle 50ml ,1.0,ml ,gm ,,Reckitt Benckiser India Pvt Ltd,,,245,0,,,2,0.7559289460184544
15501,himalaya baby cream extra soft & gentle 50 ml,,others,himalaya baby,himalaya baby cream extra soft & gentle 50,0,himalaya,himalaya,himalaya,himalaya,364403.0,himalaya baby cream 50ml,others,himalaya,himalaya baby cream 50,himalaya baby cream 50ml ,0.7559289460184544,0.7559289460184544,0,himalaya baby cream extra soft & gentle 50ml ,0.0,ml ,ml ,,Reckitt Benckiser India Pvt Ltd,,,245,0,,,2,0.7559289460184544
407080,himalaya gasex syrup - ginger lemon flavour 200 ml,,syrup,himalaya gasex,himalaya gasex syrup ginger lemon flavour 200,1,himalaya,himalaya,himalaya,himalaya,210891.0,himalaya gasex (ginger lemon flavor) syrup 200ml,syrup,himalaya,himalaya gasex ginger lemon flavor syrup 200,himalaya gasex ginger lemon flavor syrup 200ml ,0.857142857142857,0.857142857142857,0,himalaya gasex syrup ginger lemon flavour 200ml ,0.0,ml ,ml ,,Reckitt Benckiser India Pvt Ltd,,,245,0,,,2,0.857142857142857
407080,himalaya gasex syrup - ginger lemon flavour 200 ml,,syrup,himalaya gasex,himalaya gasex syrup ginger lemon flavour 200,1,himalaya,himalaya,himalaya,himalaya,364429.0,himalaya gasex (ginger lemon flavor) syrup 200ml lemon ginger,syrup,himalaya,himalaya gasex ginger lemon flavor syrup 200,himalaya gasex ginger lemon flavor syrup 200ml lemon ginger ,0.857142857142857,0.857142857142857,0,himalaya gasex syrup ginger lemon flavour 200ml ,0.0,ml ,ml ,,Reckitt Benckiser India Pvt Ltd,,,245,0,,,2,0.857142857142857
409743,nivea body lotion express hydration for normal skin 200 ml,,others,nivea body,nivea body lotion express hydration for normal skin 200,0,nivea,nivea,nivea,nivea,372514.0,nivea express hydration body lotion 400ml,others,nivea,nivea express hydration body lotion 400,nivea express hydration body lotion 400ml ,0.6804138174397718,0.6804138174397718,0,nivea body lotion express hydration for normal skin 200ml ,0.0,ml ,ml ,,Reckitt Benckiser India Pvt Ltd,,,245,0,,,2,0.6804138174397718
409743,nivea body lotion express hydration for normal skin 200 ml,,others,nivea body,nivea body lotion express hydration for normal skin 200,0,nivea,nivea,nivea,nivea,254887.0,nivea aloe hydration body lotion 200ml,others,nivea,nivea aloe vera hydration body lotion 200,nivea aloe vera hydration body lotion 200ml ,0.629940788348712,0.6804138174397718,0,nivea body lotion express hydration for normal skin 200ml ,0.0,ml ,ml ,,Reckitt Benckiser India Pvt Ltd,,,245,0,,,2,0.629940788348712
824027,himalaya baby diapers (s) 54's,,others,himalaya baby,himalaya baby diapers s 54s,0,himalaya,himalaya,himalaya,himalaya,210812.0,himalaya baby diaper 9 s,others,himalaya,himalaya baby diapers 9 s,himalaya baby diapers 9 s ,0.7999999999999998,0.7999999999999998,0,himalaya baby diapers s 54s ,2.0,,,,Reckitt Benckiser India Pvt Ltd,,,245,0,,,3,0.7999999999999998
824027,himalaya baby diapers (s) 54's,,others,himalaya baby,himalaya baby diapers s 54s,0,himalaya,himalaya,himalaya,himalaya,210816.0,himalaya baby diaper 28 s,others,himalaya,himalaya baby diapers 28 s,himalaya baby diapers 28 s ,0.7999999999999998,0.7999999999999998,0,himalaya baby diapers s 54s ,2.0,,,,Reckitt Benckiser India Pvt Ltd,,,245,0,,,3,0.7999999999999998
824027,himalaya baby diapers (s) 54's,,others,himalaya baby,himalaya baby diapers s 54s,0,himalaya,himalaya,himalaya,himalaya,210817.0,himalaya baby diaper 54 s,others,himalaya,himalaya baby diapers 54 s,himalaya baby diapers 54 s ,0.7999999999999998,0.7999999999999998,0,himalaya baby diapers s 54s ,2.0,,,,Reckitt Benckiser India Pvt Ltd,,,245,0,,,3,0.7999999999999998
824030,himalaya baby diapers (m) 54's,,others,himalaya baby,himalaya baby diapers m 54s,0,himalaya,himalaya,himalaya,himalaya,210809.0,himalaya baby diaper 54 m,others,himalaya,himalaya baby diapers 54 m,himalaya baby diapers 54 m ,0.7999999999999998,0.7999999999999998,0,himalaya baby diapers m 54s ,2.0,,,,Reckitt Benckiser India Pvt Ltd,,,245,0,,,3,0.7999999999999998
824030,himalaya baby diapers (m) 54's,,others,himalaya baby,himalaya baby diapers m 54s,0,himalaya,himalaya,himalaya,himalaya,210811.0,himalaya baby diaper 9 m,others,himalaya,himalaya baby diapers 9 m,himalaya baby diapers 9 m ,0.7999999999999998,0.7999999999999998,0,himalaya baby diapers m 54s ,2.0,,,,Reckitt Benckiser India Pvt Ltd,,,245,0,,,3,0.7999999999999998
824030,himalaya baby diapers (m) 54's,,others,himalaya baby,himalaya baby diapers m 54s,0,himalaya,himalaya,himalaya,himalaya,210815.0,himalaya baby diaper 28 m,others,himalaya,himalaya baby diapers 28 m,himalaya baby diapers 28 m ,0.7999999999999998,0.7999999999999998,0,himalaya baby diapers m 54s ,2.0,,,,Reckitt Benckiser India Pvt Ltd,,,245,0,,,3,0.7999999999999998
840204,himalaya shatavari syrup 200 ml,,syrup,himalaya shatavari,himalaya shatavari syrup 200,1,himalaya,himalaya,himalaya,himalaya,210855.0,himalaya cystone syrup 200ml,syrup,himalaya,himalaya cystone syrup 200,himalaya cystone syrup 200ml ,0.75,0.75,0,himalaya shatavari syrup 200ml ,0.0,ml ,ml ,,Reckitt Benckiser India Pvt Ltd,,,245,0,,,8,0.75
840204,himalaya shatavari syrup 200 ml,,syrup,himalaya shatavari,himalaya shatavari syrup 200,1,himalaya,himalaya,himalaya,himalaya,210877.0,himalaya evecare syrup 200ml,syrup,himalaya,himalaya evecare syrup 200,himalaya evecare syrup 200ml ,0.75,0.75,0,himalaya shatavari syrup 200ml ,0.0,ml ,ml ,,Reckitt Benckiser India Pvt Ltd,,,245,0,,,8,0.75
840204,himalaya shatavari syrup 200 ml,,syrup,himalaya shatavari,himalaya shatavari syrup 200,1,himalaya,himalaya,himalaya,himalaya,210970.0,himalaya lukol syrup 200ml,syrup,himalaya,himalaya lukol syrup 200,himalaya lukol syrup 200ml ,0.75,0.75,0,himalaya shatavari syrup 200ml ,0.0,ml ,ml ,,Reckitt Benckiser India Pvt Ltd,,,245,0,,,8,0.75
840204,himalaya shatavari syrup 200 ml,,syrup,himalaya shatavari,himalaya shatavari syrup 200,1,himalaya,himalaya,himalaya,himalaya,364489.0,himalaya septilin syrup 200ml,syrup,himalaya,himalaya septilin syrup 200,himalaya septilin syrup 200ml ,0.75,0.75,0,himalaya shatavari syrup 200ml ,0.0,ml ,ml ,,Reckitt Benckiser India Pvt Ltd,,,245,0,,,8,0.75
840204,himalaya shatavari syrup 200 ml,,syrup,himalaya shatavari,himalaya shatavari syrup 200,1,himalaya,himalaya,himalaya,himalaya,376680.0,himalaya bresol syrup 200ml,syrup,himalaya,himalaya bresol syrup 200,himalaya bresol syrup 200ml ,0.75,0.75,0,himalaya shatavari syrup 200ml ,0.0,ml ,ml ,,Reckitt Benckiser India Pvt Ltd,,,245,0,,,8,0.75
840204,himalaya shatavari syrup 200 ml,,syrup,himalaya shatavari,himalaya shatavari syrup 200,1,himalaya,himalaya,himalaya,himalaya,376686.0,himalaya renalka syrup 200ml,syrup,himalaya,himalaya renalka syrup 200,himalaya renalka syrup 200ml ,0.75,0.75,0,himalaya shatavari syrup 200ml ,0.0,ml ,ml ,,Reckitt Benckiser India Pvt Ltd,,,245,0,,,8,0.75
840204,himalaya shatavari syrup 200 ml,,syrup,himalaya shatavari,himalaya shatavari syrup 200,1,himalaya,himalaya,himalaya,himalaya,376926.0,himalaya lukol syrup 200ml,syrup,himalaya,himalaya lukol syrup 200,himalaya lukol syrup 200ml ,0.75,0.75,0,himalaya shatavari syrup 200ml ,0.0,ml ,ml ,,Reckitt Benckiser India Pvt Ltd,,,245,0,,,8,0.75
840204,himalaya shatavari syrup 200 ml,,syrup,himalaya shatavari,himalaya shatavari syrup 200,1,himalaya,himalaya,himalaya,himalaya,376927.0,himalaya geriforte syrup 200ml,syrup,himalaya,himalaya geriforte syrup 200,himalaya geriforte syrup 200ml ,0.75,0.75,0,himalaya shatavari syrup 200ml ,0.0,ml ,ml ,,Reckitt Benckiser India Pvt Ltd,,,245,0,,,8,0.75
895174,nivea shower gel - lemon & oil 125 ml,,others,nivea shower,nivea shower gel lemon & oil 125,0,nivea,nivea,nivea,nivea,254890.0,nivea baby caring oil 200ml,others,nivea,nivea baby caring oil 200,nivea baby caring oil 200ml ,0.3651483716701107,0.3651483716701107,0,nivea shower gel lemon & oil 125ml ,0.0,ml ,ml ,,Reckitt Benckiser India Pvt Ltd,,,360,0,,,3,0.3651483716701107
895174,nivea shower gel - lemon & oil 125 ml,,others,nivea shower,nivea shower gel lemon & oil 125,0,nivea,nivea,nivea,nivea,254922.0,nivea men oil control moisturiser 20ml,others,nivea,nivea men oil control moisturiser 20,nivea men oil control moisturiser 20ml ,0.33333333333333337,0.3651483716701107,0,nivea shower gel lemon & oil 125ml ,0.0,ml ,ml ,,Reckitt Benckiser India Pvt Ltd,,,360,0,,,3,0.33333333333333337
895174,nivea shower gel - lemon & oil 125 ml,,others,nivea shower,nivea shower gel lemon & oil 125,0,nivea,nivea,nivea,nivea,254923.0,nivea men oil control moisturiser 50ml,others,nivea,nivea men oil control moisturiser 50,nivea men oil control moisturiser 50ml ,0.33333333333333337,0.3651483716701107,0,nivea shower gel lemon & oil 125ml ,0.0,ml ,ml ,,Reckitt Benckiser India Pvt Ltd,,,360,0,,,3,0.33333333333333337
895175,nivea shower gel - waterlilly & oil 125 ml,,others,nivea shower,nivea shower gel waterlilly & oil 125,0,nivea,nivea,nivea,nivea,254890.0,nivea baby caring oil 200ml,others,nivea,nivea baby caring oil 200,nivea baby caring oil 200ml ,0.3651483716701107,0.3651483716701107,0,nivea shower gel waterlilly & oil 125ml ,0.0,ml ,ml ,,Reckitt Benckiser India Pvt Ltd,,,360,0,,,3,0.3651483716701107
895175,nivea shower gel - waterlilly & oil 125 ml,,others,nivea shower,nivea shower gel waterlilly & oil 125,0,nivea,nivea,nivea,nivea,254922.0,nivea men oil control moisturiser 20ml,others,nivea,nivea men oil control moisturiser 20,nivea men oil control moisturiser 20ml ,0.33333333333333337,0.3651483716701107,0,nivea shower gel waterlilly & oil 125ml ,0.0,ml ,ml ,,Reckitt Benckiser India Pvt Ltd,,,360,0,,,3,0.33333333333333337
895175,nivea shower gel - waterlilly & oil 125 ml,,others,nivea shower,nivea shower gel waterlilly & oil 125,0,nivea,nivea,nivea,nivea,254923.0,nivea men oil control moisturiser 50ml,others,nivea,nivea men oil control moisturiser 50,nivea men oil control moisturiser 50ml ,0.33333333333333337,0.3651483716701107,0,nivea shower gel waterlilly & oil 125ml ,0.0,ml ,ml ,,Reckitt Benckiser India Pvt Ltd,,,360,0,,,3,0.33333333333333337
936092,himalaya adult diaper (m) 10's,,others,himalaya adult,himalaya adult diapers m 10s,0,himalaya,himalaya,himalaya,himalaya,210809.0,himalaya baby diaper 54 m,others,himalaya,himalaya baby diapers 54 m,himalaya baby diapers 54 m ,0.5999999999999999,0.5999999999999999,0,himalaya adult diapers m 10s ,2.0,,,,Galderma India Pvt Ltd,,,685,0,,,3,0.5999999999999999
936092,himalaya adult diaper (m) 10's,,others,himalaya adult,himalaya adult diapers m 10s,0,himalaya,himalaya,himalaya,himalaya,210811.0,himalaya baby diaper 9 m,others,himalaya,himalaya baby diapers 9 m,himalaya baby diapers 9 m ,0.5999999999999999,0.5999999999999999,0,himalaya adult diapers m 10s ,2.0,,,,Galderma India Pvt Ltd,,,685,0,,,3,0.5999999999999999
936092,himalaya adult diaper (m) 10's,,others,himalaya adult,himalaya adult diapers m 10s,0,himalaya,himalaya,himalaya,himalaya,210815.0,himalaya baby diaper 28 m,others,himalaya,himalaya baby diapers 28 m,himalaya baby diapers 28 m ,0.5999999999999999,0.5999999999999999,0,himalaya adult diapers m 10s ,2.0,,,,Galderma India Pvt Ltd,,,685,0,,,3,0.5999999999999999
936094,himalaya adult diaper (xl) 10's,,others,himalaya adult,himalaya adult diapers 10s,0,himalaya,himalaya,himalaya,himalaya,211022.0,himalaya picrolax capsule 10s,capsule,himalaya,himalaya picrolax 10s,himalaya picrolax capsule 10s ,0.5,0.5,0,himalaya adult diapers 10s ,2.0,,,,Galderma India Pvt Ltd,,,1175,1,,,3,0.5773502691896258
936094,himalaya adult diaper (xl) 10's,,others,himalaya adult,himalaya adult diapers 10s,0,himalaya,himalaya,himalaya,himalaya,364443.0,himalaya himcospaz capsule 10s,capsule,himalaya,himalaya himcospaz 10s,himalaya himcospaz capsule 10s ,0.5,0.5,0,himalaya adult diapers 10s ,2.0,,,,Galderma India Pvt Ltd,,,1175,1,,,3,0.5773502691896258
936094,himalaya adult diaper (xl) 10's,,others,himalaya adult,himalaya adult diapers 10s,0,himalaya,himalaya,himalaya,himalaya,380025.0,himalaya koflet lozenges 10s,others,himalaya,himalaya koflet lozenges 10s,himalaya koflet lozenges 10s ,0.5,0.5,0,himalaya adult diapers 10s ,2.0,,,,Galderma India Pvt Ltd,,,1175,0,,,3,0.5
14207,himalaya lip balm 10 gm,,others,himalaya lip balm,himalaya lip balm 10,0,himalaya lip,himalaya,himalaya,himalaya,210987.0,himalaya natural moisturizing lip butter balm 10gm,others,himalaya,himalaya natural moisturizing lip butter balm 10,himalaya natural moisturizing lip butter balm 10gm ,0.7559289460184544,0.7559289460184544,0,himalaya lip balm 10gm ,0.0,gm ,gm ,,Reckitt Benckiser India Pvt Ltd,,,82,0,,,2,0.7559289460184544
14207,himalaya lip balm 10 gm,,others,himalaya lip balm,himalaya lip balm 10,0,himalaya lip,himalaya,himalaya,himalaya,380610.0,himalaya lip balm 12s,others,himalaya,himalaya lip balm 12s,himalaya lip balm 12s ,0.75,0.7559289460184544,0,himalaya lip balm 10gm ,2.0,gm ,,,Reckitt Benckiser India Pvt Ltd,,,82,0,,,2,0.75
14208,himalaya nourishing skin cream - winter cherry & aloe vera 50 ml,,others,himalaya nourishing skin,himalaya nourishing skin cream winter cherry & aloe vera 50,0,himalaya nourishing,himalaya,himalaya,himalaya,210999.0,himalaya nourishing skin cream 100ml,others,himalaya,himalaya nourishing skin cream 100,himalaya nourishing skin cream 100ml ,0.5962847939999439,0.5962847939999439,0,himalaya nourishing skin cream winter cherry & aloe vera 50ml ,0.0,ml ,ml ,,Reckitt Benckiser India Pvt Ltd,,,82,0,,,4,0.5962847939999439
14208,himalaya nourishing skin cream - winter cherry & aloe vera 50 ml,,others,himalaya nourishing skin,himalaya nourishing skin cream winter cherry & aloe vera 50,0,himalaya nourishing,himalaya,himalaya,himalaya,211000.0,himalaya nourishing skin cream 250ml,others,himalaya,himalaya nourishing skin cream 250,himalaya nourishing skin cream 250ml ,0.5962847939999439,0.5962847939999439,0,himalaya nourishing skin cream winter cherry & aloe vera 50ml ,0.0,ml ,ml ,,Reckitt Benckiser India Pvt Ltd,,,82,0,,,4,0.5962847939999439
14208,himalaya nourishing skin cream - winter cherry & aloe vera 50 ml,,others,himalaya nourishing skin,himalaya nourishing skin cream winter cherry & aloe vera 50,0,himalaya nourishing,himalaya,himalaya,himalaya,211001.0,himalaya nourishing skin cream 200ml,others,himalaya,himalaya nourishing skin cream 200,himalaya nourishing skin cream 200ml ,0.5962847939999439,0.5962847939999439,0,himalaya nourishing skin cream winter cherry & aloe vera 50ml ,0.0,ml ,ml ,,Reckitt Benckiser India Pvt Ltd,,,82,0,,,4,0.5962847939999439
14208,himalaya nourishing skin cream - winter cherry & aloe vera 50 ml,,others,himalaya nourishing skin,himalaya nourishing skin cream winter cherry & aloe vera 50,0,himalaya nourishing,himalaya,himalaya,himalaya,381241.0,himalaya winter defense moisturizing cream 50ml,others,himalaya,himalaya winter defense moisturizing cream 50,himalaya winter defense moisturizing cream 50ml ,0.5443310539518174,0.5962847939999439,0,himalaya nourishing skin cream winter cherry & aloe vera 50ml ,0.0,ml ,ml ,,Reckitt Benckiser India Pvt Ltd,,,82,0,,,4,0.5443310539518174
15513,himalaya gentle baby wipes for normal skin - extra soft 24's,,others,himalaya gentle baby,himalaya gentle baby wipes for normal skin extra soft 24s,0,himalaya gentle,himalaya,himalaya,himalaya,364435.0,himalaya gentle baby wipes 12,others,himalaya,himalaya gentle baby wipes 12,himalaya gentle baby wipes 12 ,0.5656854249492379,0.5656854249492379,0,himalaya gentle baby wipes for normal skin extra soft 24s ,2.0,,,,Reckitt Benckiser India Pvt Ltd,,,245,0,,,4,0.5656854249492379
15513,himalaya gentle baby wipes for normal skin - extra soft 24's,,others,himalaya gentle baby,himalaya gentle baby wipes for normal skin extra soft 24s,0,himalaya gentle,himalaya,himalaya,himalaya,364436.0,himalaya gentle baby wipes 24,others,himalaya,himalaya gentle baby wipes 24,himalaya gentle baby wipes 24 ,0.5656854249492379,0.5656854249492379,0,himalaya gentle baby wipes for normal skin extra soft 24s ,2.0,,,,Reckitt Benckiser India Pvt Ltd,,,245,0,,,4,0.5656854249492379
15513,himalaya gentle baby wipes for normal skin - extra soft 24's,,others,himalaya gentle baby,himalaya gentle baby wipes for normal skin extra soft 24s,0,himalaya gentle,himalaya,himalaya,himalaya,364437.0,himalaya gentle baby wipes 24 xl,others,himalaya,himalaya gentle baby wipes 24,himalaya gentle baby wipes 24 ,0.5656854249492379,0.5656854249492379,0,himalaya gentle baby wipes for normal skin extra soft 24s ,2.0,,,,Reckitt Benckiser India Pvt Ltd,,,245,0,,,4,0.5656854249492379
15513,himalaya gentle baby wipes for normal skin - extra soft 24's,,others,himalaya gentle baby,himalaya gentle baby wipes for normal skin extra soft 24s,0,himalaya gentle,himalaya,himalaya,himalaya,382353.0,himalaya gentle baby wipes 72s,others,himalaya,himalaya gentle baby wipes 72s,himalaya gentle baby wipes 72s ,0.5656854249492379,0.5656854249492379,0,himalaya gentle baby wipes for normal skin extra soft 24s ,2.0,,,,Reckitt Benckiser India Pvt Ltd,,,245,0,,,4,0.5656854249492379
405781,himalaya nourishing baby soap 125 gm,,others,himalaya nourishing baby,himalaya nourishing baby soap 125,0,himalaya nourishing,himalaya,himalaya,himalaya,380598.0,himalaya nourishing baby soap 75gm,others,himalaya,himalaya nourishing baby soap 75,himalaya nourishing baby soap 75gm ,0.7999999999999998,0.7999999999999998,0,himalaya nourishing baby soap 125gm ,0.0,gm ,gm ,,Reckitt Benckiser India Pvt Ltd,,,82,0,,,2,0.7999999999999998
405781,himalaya nourishing baby soap 125 gm,,others,himalaya nourishing baby,himalaya nourishing baby soap 125,0,himalaya nourishing,himalaya,himalaya,himalaya,381234.0,himalaya gentle baby soap 125gm,others,himalaya,himalaya gentle baby soap 125,himalaya gentle baby soap 125gm ,0.7999999999999998,0.7999999999999998,0,himalaya nourishing baby soap 125gm ,0.0,gm ,gm ,,Reckitt Benckiser India Pvt Ltd,,,82,0,,,2,0.7999999999999998
826788,nivea cocoa nourish oil in lotion 75 ml,,others,nivea cocoa nourish,nivea cocoa nourish oil in lotion 75,0,nivea cocoa,nivea,nivea,nivea,254897.0,nivea cocoa nourish body lotion 200ml,others,nivea,nivea cocoa nourish body lotion 200,nivea cocoa nourish body lotion 200ml ,0.6172133998483676,0.6172133998483676,0,nivea cocoa nourish oil in lotion 75ml ,0.0,ml ,ml ,,Reckitt Benckiser India Pvt Ltd,,,245,0,,,3,0.6172133998483676
826788,nivea cocoa nourish oil in lotion 75 ml,,others,nivea cocoa nourish,nivea cocoa nourish oil in lotion 75,0,nivea cocoa,nivea,nivea,nivea,254898.0,nivea cocoa nourish body lotion 400ml,others,nivea,nivea cocoa nourish body lotion 400,nivea cocoa nourish body lotion 400ml ,0.6172133998483676,0.6172133998483676,0,nivea cocoa nourish oil in lotion 75ml ,0.0,ml ,ml ,,Reckitt Benckiser India Pvt Ltd,,,245,0,,,3,0.6172133998483676
826788,nivea cocoa nourish oil in lotion 75 ml,,others,nivea cocoa nourish,nivea cocoa nourish oil in lotion 75,0,nivea cocoa,nivea,nivea,nivea,254899.0,nivea cocoa nourish body lotion 120ml,others,nivea,nivea cocoa nourish body lotion 120,nivea cocoa nourish body lotion 120ml ,0.6172133998483676,0.6172133998483676,0,nivea cocoa nourish oil in lotion 75ml ,0.0,ml ,ml ,,Reckitt Benckiser India Pvt Ltd,,,245,0,,,3,0.6172133998483676
890086,himalaya anti-dandruff shampoo with tea tree oil 80 ml,,others,himalaya anti dandruff,himalaya anti dandruff shampoo with tea tree oil 80,0,himalaya anti,himalaya,himalaya,himalaya,210799.0,himalaya anti dandruff shampoo 700ml,others,himalaya,himalaya anti dandruff shampoo 700,himalaya anti dandruff shampoo 700ml ,0.5962847939999439,0.5962847939999439,0,himalaya anti dandruff shampoo with tea tree oil 80ml ,0.0,ml ,ml ,,Galderma India Pvt Ltd,,,1195,0,,,5,0.5962847939999439
890086,himalaya anti-dandruff shampoo with tea tree oil 80 ml,,others,himalaya anti dandruff,himalaya anti dandruff shampoo with tea tree oil 80,0,himalaya anti,himalaya,himalaya,himalaya,210800.0,himalaya anti dandruff shampoo 400ml,others,himalaya,himalaya anti dandruff shampoo 400,himalaya anti dandruff shampoo 400ml ,0.5962847939999439,0.5962847939999439,0,himalaya anti dandruff shampoo with tea tree oil 80ml ,0.0,ml ,ml ,,Galderma India Pvt Ltd,,,1195,0,,,5,0.5962847939999439
890086,himalaya anti-dandruff shampoo with tea tree oil 80 ml,,others,himalaya anti dandruff,himalaya anti dandruff shampoo with tea tree oil 80,0,himalaya anti,himalaya,himalaya,himalaya,210801.0,himalaya anti dandruff shampoo 200ml,others,himalaya,himalaya anti dandruff shampoo 200,himalaya anti dandruff shampoo 200ml ,0.5962847939999439,0.5962847939999439,0,himalaya anti dandruff shampoo with tea tree oil 80ml ,0.0,ml ,ml ,,Galderma India Pvt Ltd,,,1195,0,,,5,0.5962847939999439
890086,himalaya anti-dandruff shampoo with tea tree oil 80 ml,,others,himalaya anti dandruff,himalaya anti dandruff shampoo with tea tree oil 80,0,himalaya anti,himalaya,himalaya,himalaya,210797.0,himalaya anti dandruff hair oil 100ml,others,himalaya,himalaya anti dandruff hair oil 100,himalaya anti dandruff hair oil 100ml ,0.5443310539518174,0.5962847939999439,0,himalaya anti dandruff shampoo with tea tree oil 80ml ,0.0,ml ,ml ,,Galderma India Pvt Ltd,,,1195,0,,,5,0.5443310539518174
890086,himalaya anti-dandruff shampoo with tea tree oil 80 ml,,others,himalaya anti dandruff,himalaya anti dandruff shampoo with tea tree oil 80,0,himalaya anti,himalaya,himalaya,himalaya,210798.0,himalaya anti dandruff hair oil 200ml,others,himalaya,himalaya anti dandruff hair oil 200,himalaya anti dandruff hair oil 200ml ,0.5443310539518174,0.5962847939999439,0,himalaya anti dandruff shampoo with tea tree oil 80ml ,0.0,ml ,ml ,,Galderma India Pvt Ltd,,,1195,0,,,5,0.5443310539518174
914055,himalaya quista dn powder - milk masala flavour 400 gm,,others,himalaya quista dn,himalaya quista dn powder milk masala flavour 400,0,himalaya quista,himalaya,himalaya,himalaya,381561.0,himalaya quista dn vanilla powder 400gm,others,himalaya,himalaya quista dn vanilla powder 400,himalaya quista dn vanilla powder 400gm ,0.7216878364870323,0.7216878364870323,0,himalaya quista dn powder milk masala flavour 400gm ,0.0,gm ,gm ,,Reckitt Benckiser India Pvt Ltd,,,245,0,,,2,0.7216878364870323
914055,himalaya quista dn powder - milk masala flavour 400 gm,,others,himalaya quista dn,himalaya quista dn powder milk masala flavour 400,0,himalaya quista,himalaya,himalaya,himalaya,381563.0,himalaya quista active milk masala powder 200gm,others,himalaya,himalaya quista active milk masala powder 200,himalaya quista active milk masala powder 200gm ,0.6681531047810609,0.7216878364870323,0,himalaya quista dn powder milk masala flavour 400gm ,0.0,gm ,gm ,,Reckitt Benckiser India Pvt Ltd,,,245,0,,,2,0.6681531047810609
944061,himalaya active fresh gel 80 gm,,others,himalaya active fresh,himalaya active fresh gel 80,0,himalaya active,himalaya,himalaya,himalaya,364395.0,himalaya active fresh gel toothpaste 80gm,others,himalaya,himalaya active fresh gel toothpaste 80,himalaya active fresh gel toothpaste 80gm ,0.9128709291752768,0.9128709291752768,0,himalaya active fresh gel 80gm ,0.0,gm ,gm ,,Galderma India Pvt Ltd,,,630,0,,,2,0.9128709291752768
944061,himalaya active fresh gel 80 gm,,others,himalaya active fresh,himalaya active fresh gel 80,0,himalaya active,himalaya,himalaya,himalaya,370347.0,himalaya active fresh gel saunf & mint 80gm,others,himalaya,himalaya active fresh gel saunf & mint 80,himalaya active fresh gel saunf & mint 80gm ,0.8451542547285165,0.9128709291752768,0,himalaya active fresh gel 80gm ,0.0,gm ,gm ,,Galderma India Pvt Ltd,,,630,0,,,2,0.8451542547285165
947943,durex lube - cherry 50 ml,,others,durex lube cherry,durex lube cherry 50,0,durex lube,durex,durex,durex,377945.0,durex cherry lubricant gel 50ml,others,durex,durex cherry lubricant gel 50,durex cherry lubricant gel 50ml ,0.6708203932499369,0.6708203932499369,0,durex lube cherry 50ml ,0.0,ml ,ml ,,Glenmark Pharmaceuticals Ltd,,,90,0,,,3,0.6708203932499369
947943,durex lube - cherry 50 ml,,others,durex lube cherry,durex lube cherry 50,0,durex lube,durex,durex,durex,182482.0,durex play gel 50ml cheeky cherry,others,durex,durex play gel 50 cheeky cherry,durex play gel 50ml cheeky cherry ,0.6123724356957946,0.6708203932499369,0,durex lube cherry 50ml ,0.0,ml ,ml ,,Glenmark Pharmaceuticals Ltd,,,90,0,,,3,0.6123724356957946
947943,durex lube - cherry 50 ml,,others,durex lube cherry,durex lube cherry 50,0,durex lube,durex,durex,durex,182489.0,durex play very cherry gel 50ml,others,durex,durex play very cherry gel 50,durex play very cherry gel 50ml ,0.6123724356957946,0.6708203932499369,0,durex lube cherry 50ml ,0.0,ml ,ml ,,Glenmark Pharmaceuticals Ltd,,,90,0,,,3,0.6123724356957946
14521,kamasutra condoms - dotted 12's,,others,kamasutra condoms dotted 12s,kamasutra condoms dotted 12s,0,kamasutra condoms dotted,kamasutra condoms,kamasutra,kamasutra,219613.0,kamasutra dotted condom 3,others,kamasutra,kamasutra dotted condom 3,kamasutra dotted condom 3 ,0.5,0.5,0,kamasutra condoms dotted 12s ,2.0,,,,Reckitt Benckiser India Pvt Ltd,,,245,0,,,3,0.5
14521,kamasutra condoms - dotted 12's,,others,kamasutra condoms dotted 12s,kamasutra condoms dotted 12s,0,kamasutra condoms dotted,kamasutra condoms,kamasutra,kamasutra,219614.0,kamasutra dotted condom 20,others,kamasutra,kamasutra dotted condom 20,kamasutra dotted condom 20 ,0.5,0.5,0,kamasutra condoms dotted 12s ,2.0,,,,Reckitt Benckiser India Pvt Ltd,,,245,0,,,3,0.5
14521,kamasutra condoms - dotted 12's,,others,kamasutra condoms dotted 12s,kamasutra condoms dotted 12s,0,kamasutra condoms dotted,kamasutra condoms,kamasutra,kamasutra,219615.0,kamasutra dotted condom 12,others,kamasutra,kamasutra dotted condom 12,kamasutra dotted condom 12 ,0.5,0.5,0,kamasutra condoms dotted 12s ,2.0,,,,Reckitt Benckiser India Pvt Ltd,,,245,0,,,3,0.5
14526,kamasutra condoms - intensity 20's,,others,kamasutra condoms intensity 20s,kamasutra condoms intensity 20s,0,kamasutra condoms intensity,kamasutra condoms,kamasutra,kamasutra,219632.0,kamasutra intensity condom 12,others,kamasutra,kamasutra intensity condom 12,kamasutra intensity condom 12 ,0.5,0.5,0,kamasutra condoms intensity 20s ,2.0,,,,Reckitt Benckiser India Pvt Ltd,,,245,0,,,3,0.5
14526,kamasutra condoms - intensity 20's,,others,kamasutra condoms intensity 20s,kamasutra condoms intensity 20s,0,kamasutra condoms intensity,kamasutra condoms,kamasutra,kamasutra,219633.0,kamasutra intensity condom 20,others,kamasutra,kamasutra intensity condom 20,kamasutra intensity condom 20 ,0.5,0.5,0,kamasutra condoms intensity 20s ,2.0,,,,Reckitt Benckiser India Pvt Ltd,,,245,0,,,3,0.5
14526,kamasutra condoms - intensity 20's,,others,kamasutra condoms intensity 20s,kamasutra condoms intensity 20s,0,kamasutra condoms intensity,kamasutra condoms,kamasutra,kamasutra,219634.0,kamasutra intensity condom 3,others,kamasutra,kamasutra intensity condom 3,kamasutra intensity condom 3 ,0.5,0.5,0,kamasutra condoms intensity 20s ,2.0,,,,Reckitt Benckiser India Pvt Ltd,,,245,0,,,3,0.5
14530,kamasutra condoms - longlast 12's,,others,kamasutra condoms longlast 12s,kamasutra condoms longlast 12s,0,kamasutra condoms longlast,kamasutra condoms,kamasutra,kamasutra,219607.0,kamasutra combo pack of jo tira misu flavoured lubricant & kamasutra longlast condoms 1,others,kamasutra,kamasutra combo pack of jo tira misu flavoured lubricant & longlast condoms 1,kamasutra combo pack of jo tira misu flavoured lubricant & kamasutra longlast condoms 1 ,0.43301270189221935,0.43301270189221935,0,kamasutra condoms longlast 12s ,2.0,,,,Reckitt Benckiser India Pvt Ltd,,,245,0,,,2,0.43301270189221935
14530,kamasutra condoms - longlast 12's,,others,kamasutra condoms longlast 12s,kamasutra condoms longlast 12s,0,kamasutra condoms longlast,kamasutra condoms,kamasutra,kamasutra,219639.0,kamasutra pleasure series longlast condom 3,others,kamasutra,kamasutra pleasure series longlast condom 3,kamasutra pleasure series longlast condom 3 ,0.4082482904638631,0.43301270189221935,0,kamasutra condoms longlast 12s ,2.0,,,,Reckitt Benckiser India Pvt Ltd,,,245,0,,,2,0.4082482904638631
14540,kamasutra condoms - superthin 3's,,others,kamasutra condoms superthin 3s,kamasutra condoms superthin 3s,0,kamasutra condoms superthin,kamasutra condoms,kamasutra,kamasutra,219644.0,kamasutra superthin condom 3,others,kamasutra,kamasutra superthin condom 3,kamasutra superthin condom 3 ,0.5,0.5,0,kamasutra condoms superthin 3s ,2.0,,,,Reckitt Benckiser India Pvt Ltd,,,245,0,,,4,0.5
14540,kamasutra condoms - superthin 3's,,others,kamasutra condoms superthin 3s,kamasutra condoms superthin 3s,0,kamasutra condoms superthin,kamasutra condoms,kamasutra,kamasutra,219645.0,kamasutra superthin condom 12,others,kamasutra,kamasutra superthin condom 12,kamasutra superthin condom 12 ,0.5,0.5,0,kamasutra condoms superthin 3s ,2.0,,,,Reckitt Benckiser India Pvt Ltd,,,245,0,,,4,0.5
14540,kamasutra condoms - superthin 3's,,others,kamasutra condoms superthin 3s,kamasutra condoms superthin 3s,0,kamasutra condoms superthin,kamasutra condoms,kamasutra,kamasutra,219646.0,kamasutra superthin condom 20,others,kamasutra,kamasutra superthin condom 20,kamasutra superthin condom 20 ,0.5,0.5,0,kamasutra condoms superthin 3s ,2.0,,,,Reckitt Benckiser India Pvt Ltd,,,245,0,,,4,0.5
14540,kamasutra condoms - superthin 3's,,others,kamasutra condoms superthin 3s,kamasutra condoms superthin 3s,0,kamasutra condoms superthin,kamasutra condoms,kamasutra,kamasutra,219610.0,kamasutra combo pack of kamasutra pleasure superthin condoms & skore notout condoms 1,others,kamasutra,kamasutra combo pack of pleasure superthin condoms & skore notout 1,kamasutra combo pack of kamasutra pleasure superthin condoms & skore notout condoms 1 ,0.4743416490252569,0.5,0,kamasutra condoms superthin 3s ,2.0,,,,Reckitt Benckiser India Pvt Ltd,,,245,0,,,4,0.4743416490252569
14541,kamasutra condoms - superthin 20's,,others,kamasutra condoms superthin 20s,kamasutra condoms superthin 20s,0,kamasutra condoms superthin,kamasutra condoms,kamasutra,kamasutra,219644.0,kamasutra superthin condom 3,others,kamasutra,kamasutra superthin condom 3,kamasutra superthin condom 3 ,0.5,0.5,0,kamasutra condoms superthin 20s ,2.0,,,,Reckitt Benckiser India Pvt Ltd,,,245,0,,,4,0.5
14541,kamasutra condoms - superthin 20's,,others,kamasutra condoms superthin 20s,kamasutra condoms superthin 20s,0,kamasutra condoms superthin,kamasutra condoms,kamasutra,kamasutra,219645.0,kamasutra superthin condom 12,others,kamasutra,kamasutra superthin condom 12,kamasutra superthin condom 12 ,0.5,0.5,0,kamasutra condoms superthin 20s ,2.0,,,,Reckitt Benckiser India Pvt Ltd,,,245,0,,,4,0.5
14541,kamasutra condoms - superthin 20's,,others,kamasutra condoms superthin 20s,kamasutra condoms superthin 20s,0,kamasutra condoms superthin,kamasutra condoms,kamasutra,kamasutra,219646.0,kamasutra superthin condom 20,others,kamasutra,kamasutra superthin condom 20,kamasutra superthin condom 20 ,0.5,0.5,0,kamasutra condoms superthin 20s ,2.0,,,,Reckitt Benckiser India Pvt Ltd,,,245,0,,,4,0.5
14541,kamasutra condoms - superthin 20's,,others,kamasutra condoms superthin 20s,kamasutra condoms superthin 20s,0,kamasutra condoms superthin,kamasutra condoms,kamasutra,kamasutra,219610.0,kamasutra combo pack of kamasutra pleasure superthin condoms & skore notout condoms 1,others,kamasutra,kamasutra combo pack of pleasure superthin condoms & skore notout 1,kamasutra combo pack of kamasutra pleasure superthin condoms & skore notout condoms 1 ,0.4743416490252569,0.5,0,kamasutra condoms superthin 20s ,2.0,,,,Reckitt Benckiser India Pvt Ltd,,,245,0,,,4,0.4743416490252569
362147,himalaya anti hair loss cream 100 ml,,others,himalaya anti hair loss,himalaya anti hair loss cream 100,0,himalaya anti hair,himalaya anti,himalaya,himalaya,362458.0,himalaya anti dandruff hair cream 100ml,others,himalaya,himalaya anti dandruff hair cream 100,himalaya anti dandruff hair cream 100ml ,0.8333333333333335,0.8333333333333335,0,himalaya anti hair loss cream 100ml ,0.0,ml ,ml ,,Galderma India Pvt Ltd,,,950,0,,,4,0.8333333333333335
362147,himalaya anti hair loss cream 100 ml,,others,himalaya anti hair loss,himalaya anti hair loss cream 100,0,himalaya anti hair,himalaya anti,himalaya,himalaya,364399.0,himalaya anti hair fall cream 100ml,others,himalaya,himalaya anti hair fall cream 100,himalaya anti hair fall cream 100ml ,0.8333333333333335,0.8333333333333335,0,himalaya anti hair loss cream 100ml ,0.0,ml ,ml ,,Galderma India Pvt Ltd,,,950,0,,,4,0.8333333333333335
362147,himalaya anti hair loss cream 100 ml,,others,himalaya anti hair loss,himalaya anti hair loss cream 100,0,himalaya anti hair,himalaya anti,himalaya,himalaya,210928.0,himalaya herbals anti hair loss cream 50ml,others,himalaya,himalaya herbals anti hair loss cream 50,himalaya herbals anti hair loss cream 50ml ,0.7715167498104595,0.8333333333333335,0,himalaya anti hair loss cream 100ml ,0.0,ml ,ml ,,Galderma India Pvt Ltd,,,950,0,,,4,0.7715167498104595
362147,himalaya anti hair loss cream 100 ml,,others,himalaya anti hair loss,himalaya anti hair loss cream 100,0,himalaya anti hair,himalaya anti,himalaya,himalaya,211092.0,himalaya wellness anti hair loss cream 50ml,others,himalaya,himalaya wellness anti hair loss cream 50,himalaya wellness anti hair loss cream 50ml ,0.7715167498104595,0.8333333333333335,0,himalaya anti hair loss cream 100ml ,0.0,ml ,ml ,,Galderma India Pvt Ltd,,,950,0,,,4,0.7715167498104595
406901,cetaphil gentle skin cleanse lotion 250ml,,others,cetaphil gentle skin cleanse,cetaphil gentle skin cleanse lotion 250,0,cetaphil gentle skin,cetaphil gentle,cetaphil,cetaphil,150167.0,cetaphil gentle skin cleanser 250ml,others,cetaphil,cetaphil gentle skin cleanser 250,cetaphil gentle skin cleanser 250ml ,0.7302967433402214,0.7302967433402214,0,cetaphil gentle skin cleanse lotion 250ml ,0.0,ml ,ml ,,Himalaya Drug Company,,,60,0,,,2,0.7302967433402214
406901,cetaphil gentle skin cleanse lotion 250ml,,others,cetaphil gentle skin cleanse,cetaphil gentle skin cleanse lotion 250,0,cetaphil gentle skin,cetaphil gentle,cetaphil,cetaphil,381000.0,cetaphil gentle skin cleanser 250ml,others,cetaphil,cetaphil gentle skin cleanser 250,cetaphil gentle skin cleanser 250ml ,0.7302967433402214,0.7302967433402214,0,cetaphil gentle skin cleanse lotion 250ml ,0.0,ml ,ml ,,Himalaya Drug Company,,,60,0,,,2,0.7302967433402214
803748,durex condoms - air 10's,,others,durex condoms air 10s,durex condoms air 10s,0,durex condoms air,durex condoms,durex,durex,378288.0,durex intense condom 10s,others,durex,durex intense condom 10s,durex intense condom 10s ,0.5,0.5,0,durex condoms air 10s ,2.0,,,,Glenmark Pharmaceuticals Ltd,,,145,0,,,2,0.5
803748,durex condoms - air 10's,,others,durex condoms air 10s,durex condoms air 10s,0,durex condoms air,durex condoms,durex,durex,378292.0,durex bubblegum condom 10s,others,durex,durex bubblegum condom 10s,durex bubblegum condom 10s ,0.5,0.5,0,durex condoms air 10s ,2.0,,,,Glenmark Pharmaceuticals Ltd,,,145,0,,,2,0.5
822656,durex condoms - air 10's,,others,durex condoms air 10s,durex condoms air 10s,0,durex condoms air,durex condoms,durex,durex,378288.0,durex intense condom 10s,others,durex,durex intense condom 10s,durex intense condom 10s ,0.5,0.5,0,durex condoms air 10s ,2.0,,,,Glenmark Pharmaceuticals Ltd,,,145,0,,,2,0.5
822656,durex condoms - air 10's,,others,durex condoms air 10s,durex condoms air 10s,0,durex condoms air,durex condoms,durex,durex,378292.0,durex bubblegum condom 10s,others,durex,durex bubblegum condom 10s,durex bubblegum condom 10s ,0.5,0.5,0,durex condoms air 10s ,2.0,,,,Glenmark Pharmaceuticals Ltd,,,145,0,,,2,0.5
850948,kamasutra condoms - dotted 20's,,others,kamasutra condoms dotted 20s,kamasutra condoms dotted 20s,0,kamasutra condoms dotted,kamasutra condoms,kamasutra,kamasutra,219613.0,kamasutra dotted condom 3,others,kamasutra,kamasutra dotted condom 3,kamasutra dotted condom 3 ,0.5,0.5,0,kamasutra condoms dotted 20s ,2.0,,,,Reckitt Benckiser India Pvt Ltd,,,245,0,,,3,0.5
850948,kamasutra condoms - dotted 20's,,others,kamasutra condoms dotted 20s,kamasutra condoms dotted 20s,0,kamasutra condoms dotted,kamasutra condoms,kamasutra,kamasutra,219614.0,kamasutra dotted condom 20,others,kamasutra,kamasutra dotted condom 20,kamasutra dotted condom 20 ,0.5,0.5,0,kamasutra condoms dotted 20s ,2.0,,,,Reckitt Benckiser India Pvt Ltd,,,245,0,,,3,0.5
850948,kamasutra condoms - dotted 20's,,others,kamasutra condoms dotted 20s,kamasutra condoms dotted 20s,0,kamasutra condoms dotted,kamasutra condoms,kamasutra,kamasutra,219615.0,kamasutra dotted condom 12,others,kamasutra,kamasutra dotted condom 12,kamasutra dotted condom 12 ,0.5,0.5,0,kamasutra condoms dotted 20s ,2.0,,,,Reckitt Benckiser India Pvt Ltd,,,245,0,,,3,0.5
850949,kamasutra condoms - dotted 3's,,others,kamasutra condoms dotted 3s,kamasutra condoms dotted 3s,0,kamasutra condoms dotted,kamasutra condoms,kamasutra,kamasutra,219613.0,kamasutra dotted condom 3,others,kamasutra,kamasutra dotted condom 3,kamasutra dotted condom 3 ,0.5,0.5,0,kamasutra condoms dotted 3s ,2.0,,,,Reckitt Benckiser India Pvt Ltd,,,245,0,,,3,0.5
850949,kamasutra condoms - dotted 3's,,others,kamasutra condoms dotted 3s,kamasutra condoms dotted 3s,0,kamasutra condoms dotted,kamasutra condoms,kamasutra,kamasutra,219614.0,kamasutra dotted condom 20,others,kamasutra,kamasutra dotted condom 20,kamasutra dotted condom 20 ,0.5,0.5,0,kamasutra condoms dotted 3s ,2.0,,,,Reckitt Benckiser India Pvt Ltd,,,245,0,,,3,0.5
850949,kamasutra condoms - dotted 3's,,others,kamasutra condoms dotted 3s,kamasutra condoms dotted 3s,0,kamasutra condoms dotted,kamasutra condoms,kamasutra,kamasutra,219615.0,kamasutra dotted condom 12,others,kamasutra,kamasutra dotted condom 12,kamasutra dotted condom 12 ,0.5,0.5,0,kamasutra condoms dotted 3s ,2.0,,,,Reckitt Benckiser India Pvt Ltd,,,245,0,,,3,0.5
850950,kamasutra condoms - ribbed 12's,,others,kamasutra condoms ribbed 12s,kamasutra condoms ribbed 12s,0,kamasutra condoms ribbed,kamasutra condoms,kamasutra,kamasutra,219640.0,kamasutra ribbed condom 3,others,kamasutra,kamasutra ribbed condom 3,kamasutra ribbed condom 3 ,0.5,0.5,0,kamasutra condoms ribbed 12s ,2.0,,,,Reckitt Benckiser India Pvt Ltd,,,245,0,,,3,0.5
850950,kamasutra condoms - ribbed 12's,,others,kamasutra condoms ribbed 12s,kamasutra condoms ribbed 12s,0,kamasutra condoms ribbed,kamasutra condoms,kamasutra,kamasutra,219641.0,kamasutra ribbed condom 20,others,kamasutra,kamasutra ribbed condom 20,kamasutra ribbed condom 20 ,0.5,0.5,0,kamasutra condoms ribbed 12s ,2.0,,,,Reckitt Benckiser India Pvt Ltd,,,245,0,,,3,0.5
850950,kamasutra condoms - ribbed 12's,,others,kamasutra condoms ribbed 12s,kamasutra condoms ribbed 12s,0,kamasutra condoms ribbed,kamasutra condoms,kamasutra,kamasutra,364814.0,kamasutra ribbed condom 12,others,kamasutra,kamasutra ribbed condom 12,kamasutra ribbed condom 12 ,0.5,0.5,0,kamasutra condoms ribbed 12s ,2.0,,,,Reckitt Benckiser India Pvt Ltd,,,245,0,,,3,0.5
850951,kamasutra condoms - ribbed 20's,,others,kamasutra condoms ribbed 20s,kamasutra condoms ribbed 20s,0,kamasutra condoms ribbed,kamasutra condoms,kamasutra,kamasutra,219640.0,kamasutra ribbed condom 3,others,kamasutra,kamasutra ribbed condom 3,kamasutra ribbed condom 3 ,0.5,0.5,0,kamasutra condoms ribbed 20s ,2.0,,,,Reckitt Benckiser India Pvt Ltd,,,245,0,,,3,0.5
850951,kamasutra condoms - ribbed 20's,,others,kamasutra condoms ribbed 20s,kamasutra condoms ribbed 20s,0,kamasutra condoms ribbed,kamasutra condoms,kamasutra,kamasutra,219641.0,kamasutra ribbed condom 20,others,kamasutra,kamasutra ribbed condom 20,kamasutra ribbed condom 20 ,0.5,0.5,0,kamasutra condoms ribbed 20s ,2.0,,,,Reckitt Benckiser India Pvt Ltd,,,245,0,,,3,0.5
850951,kamasutra condoms - ribbed 20's,,others,kamasutra condoms ribbed 20s,kamasutra condoms ribbed 20s,0,kamasutra condoms ribbed,kamasutra condoms,kamasutra,kamasutra,364814.0,kamasutra ribbed condom 12,others,kamasutra,kamasutra ribbed condom 12,kamasutra ribbed condom 12 ,0.5,0.5,0,kamasutra condoms ribbed 20s ,2.0,,,,Reckitt Benckiser India Pvt Ltd,,,245,0,,,3,0.5
850952,kamasutra condoms - ribbed 3's,,others,kamasutra condoms ribbed 3s,kamasutra condoms ribbed 3s,0,kamasutra condoms ribbed,kamasutra condoms,kamasutra,kamasutra,219640.0,kamasutra ribbed condom 3,others,kamasutra,kamasutra ribbed condom 3,kamasutra ribbed condom 3 ,0.5,0.5,0,kamasutra condoms ribbed 3s ,2.0,,,,Reckitt Benckiser India Pvt Ltd,,,245,0,,,3,0.5
850952,kamasutra condoms - ribbed 3's,,others,kamasutra condoms ribbed 3s,kamasutra condoms ribbed 3s,0,kamasutra condoms ribbed,kamasutra condoms,kamasutra,kamasutra,219641.0,kamasutra ribbed condom 20,others,kamasutra,kamasutra ribbed condom 20,kamasutra ribbed condom 20 ,0.5,0.5,0,kamasutra condoms ribbed 3s ,2.0,,,,Reckitt Benckiser India Pvt Ltd,,,245,0,,,3,0.5
850952,kamasutra condoms - ribbed 3's,,others,kamasutra condoms ribbed 3s,kamasutra condoms ribbed 3s,0,kamasutra condoms ribbed,kamasutra condoms,kamasutra,kamasutra,364814.0,kamasutra ribbed condom 12,others,kamasutra,kamasutra ribbed condom 12,kamasutra ribbed condom 12 ,0.5,0.5,0,kamasutra condoms ribbed 3s ,2.0,,,,Reckitt Benckiser India Pvt Ltd,,,245,0,,,3,0.5
850977,kamasutra condoms - intensity 3's,,others,kamasutra condoms intensity 3s,kamasutra condoms intensity 3s,0,kamasutra condoms intensity,kamasutra condoms,kamasutra,kamasutra,219632.0,kamasutra intensity condom 12,others,kamasutra,kamasutra intensity condom 12,kamasutra intensity condom 12 ,0.5,0.5,0,kamasutra condoms intensity 3s ,2.0,,,,Reckitt Benckiser India Pvt Ltd,,,245,0,,,3,0.5
850977,kamasutra condoms - intensity 3's,,others,kamasutra condoms intensity 3s,kamasutra condoms intensity 3s,0,kamasutra condoms intensity,kamasutra condoms,kamasutra,kamasutra,219633.0,kamasutra intensity condom 20,others,kamasutra,kamasutra intensity condom 20,kamasutra intensity condom 20 ,0.5,0.5,0,kamasutra condoms intensity 3s ,2.0,,,,Reckitt Benckiser India Pvt Ltd,,,245,0,,,3,0.5
850977,kamasutra condoms - intensity 3's,,others,kamasutra condoms intensity 3s,kamasutra condoms intensity 3s,0,kamasutra condoms intensity,kamasutra condoms,kamasutra,kamasutra,219634.0,kamasutra intensity condom 3,others,kamasutra,kamasutra intensity condom 3,kamasutra intensity condom 3 ,0.5,0.5,0,kamasutra condoms intensity 3s ,2.0,,,,Reckitt Benckiser India Pvt Ltd,,,245,0,,,3,0.5
850978,kamasutra condoms - longlast 20's,,others,kamasutra condoms longlast 20s,kamasutra condoms longlast 20s,0,kamasutra condoms longlast,kamasutra condoms,kamasutra,kamasutra,219607.0,kamasutra combo pack of jo tira misu flavoured lubricant & kamasutra longlast condoms 1,others,kamasutra,kamasutra combo pack of jo tira misu flavoured lubricant & longlast condoms 1,kamasutra combo pack of jo tira misu flavoured lubricant & kamasutra longlast condoms 1 ,0.43301270189221935,0.43301270189221935,0,kamasutra condoms longlast 20s ,2.0,,,,Reckitt Benckiser India Pvt Ltd,,,245,0,,,2,0.43301270189221935
850978,kamasutra condoms - longlast 20's,,others,kamasutra condoms longlast 20s,kamasutra condoms longlast 20s,0,kamasutra condoms longlast,kamasutra condoms,kamasutra,kamasutra,219639.0,kamasutra pleasure series longlast condom 3,others,kamasutra,kamasutra pleasure series longlast condom 3,kamasutra pleasure series longlast condom 3 ,0.4082482904638631,0.43301270189221935,0,kamasutra condoms longlast 20s ,2.0,,,,Reckitt Benckiser India Pvt Ltd,,,245,0,,,2,0.4082482904638631
850979,kamasutra condoms - longlast 3's,,others,kamasutra condoms longlast 3s,kamasutra condoms longlast 3s,0,kamasutra condoms longlast,kamasutra condoms,kamasutra,kamasutra,219607.0,kamasutra combo pack of jo tira misu flavoured lubricant & kamasutra longlast condoms 1,others,kamasutra,kamasutra combo pack of jo tira misu flavoured lubricant & longlast condoms 1,kamasutra combo pack of jo tira misu flavoured lubricant & kamasutra longlast condoms 1 ,0.43301270189221935,0.43301270189221935,0,kamasutra condoms longlast 3s ,2.0,,,,Reckitt Benckiser India Pvt Ltd,,,245,0,,,2,0.43301270189221935
850979,kamasutra condoms - longlast 3's,,others,kamasutra condoms longlast 3s,kamasutra condoms longlast 3s,0,kamasutra condoms longlast,kamasutra condoms,kamasutra,kamasutra,219639.0,kamasutra pleasure series longlast condom 3,others,kamasutra,kamasutra pleasure series longlast condom 3,kamasutra pleasure series longlast condom 3 ,0.4082482904638631,0.43301270189221935,0,kamasutra condoms longlast 3s ,2.0,,,,Reckitt Benckiser India Pvt Ltd,,,245,0,,,2,0.4082482904638631
903512,himalaya koflet lozenges 200's,,others,himalaya koflet lozenges 200s,himalaya koflet lozenges 200s,0,himalaya koflet lozenges,himalaya koflet,himalaya,himalaya,210959.0,himalaya koflet lozenges 200,others,himalaya,himalaya koflet lozenges 200,himalaya koflet lozenges 200 ,0.75,0.75,0,himalaya koflet lozenges 200s ,2.0,,,,Reckitt Benckiser India Pvt Ltd,,,245,0,,,2,0.75
903512,himalaya koflet lozenges 200's,,others,himalaya koflet lozenges 200s,himalaya koflet lozenges 200s,0,himalaya koflet lozenges,himalaya koflet,himalaya,himalaya,380025.0,himalaya koflet lozenges 10s,others,himalaya,himalaya koflet lozenges 10s,himalaya koflet lozenges 10s ,0.75,0.75,0,himalaya koflet lozenges 200s ,2.0,,,,Reckitt Benckiser India Pvt Ltd,,,245,0,,,2,0.75
928355,durex condoms - air 3's,,others,durex condoms air 3s,durex condoms air 3s,0,durex condoms air,durex condoms,durex,durex,377225.0,durex bubblegum condom 3s,others,durex,durex bubblegum condom 3s,durex bubblegum condom 3s ,0.5,0.5,0,durex condoms air 3s ,2.0,,,,Glenmark Pharmaceuticals Ltd,,,145,0,,,2,0.5
928355,durex condoms - air 3's,,others,durex condoms air 3s,durex condoms air 3s,0,durex condoms air,durex condoms,durex,durex,378289.0,durex intense condom 3s,others,durex,durex intense condom 3s,durex intense condom 3s ,0.5,0.5,0,durex condoms air 3s ,2.0,,,,Glenmark Pharmaceuticals Ltd,,,145,0,,,2,0.5
936097,durex intimate lube - strawberry 50 ml,,others,durex intimate lube strawberry,durex intimate lube strawberry 50,0,durex intimate lube,durex intimate,durex,durex,182481.0,durex play gel 50ml sweet strawberry,others,durex,durex play gel 50 sweet strawberry,durex play gel 50ml sweet strawberry ,0.5477225575051661,0.5477225575051661,0,durex intimate lube strawberry 50ml ,0.0,ml ,ml ,,Glenmark Pharmaceuticals Ltd,,,90,0,,,2,0.5477225575051661
936097,durex intimate lube - strawberry 50 ml,,others,durex intimate lube strawberry,durex intimate lube strawberry 50,0,durex intimate lube,durex intimate,durex,durex,182483.0,durex play gel 50ml saucy strawberry,others,durex,durex play gel 50 saucy strawberry,durex play gel 50ml saucy strawberry ,0.5477225575051661,0.5477225575051661,0,durex intimate lube strawberry 50ml ,0.0,ml ,ml ,,Glenmark Pharmaceuticals Ltd,,,90,0,,,2,0.5477225575051661
13112,himalaya natural glow kesar face cream 50 gm,,others,himalaya natural glow kesar face,himalaya natural glow kesar face cream 50,0,himalaya natural glow kesar,himalaya natural glow,himalaya natural,himalaya,380612.0,himalaya natural glow kesar face wash 50ml,others,himalaya,himalaya natural glow kesar face wash 50,himalaya natural glow kesar face wash 50ml ,0.857142857142857,0.857142857142857,0,himalaya natural glow kesar face cream 50gm ,1.0,gm ,ml ,,Reckitt Benckiser India Pvt Ltd,,,82,0,,,2,0.857142857142857
13112,himalaya natural glow kesar face cream 50 gm,,others,himalaya natural glow kesar face,himalaya natural glow kesar face cream 50,0,himalaya natural glow kesar,himalaya natural glow,himalaya natural,himalaya,364458.0,himalaya natural glow fairness cream 50gm,others,himalaya,himalaya natural glow fairness cream 50,himalaya natural glow fairness cream 50gm ,0.7715167498104595,0.857142857142857,0,himalaya natural glow kesar face cream 50gm ,0.0,gm ,gm ,,Reckitt Benckiser India Pvt Ltd,,,82,0,,,2,0.7715167498104595
13643,nivea pearl & beauty deodorant 150 ml,,others,nivea pearl & beauty deodorant,nivea pearl & beauty deodorant 150,0,nivea pearl & beauty,nivea pearl &,nivea pearl,nivea,254929.0,nivea refreshing face wash 150ml,others,nivea,nivea refreshing face wash 150,nivea refreshing face wash 150ml ,0.3999999999999999,0.3999999999999999,0,nivea pearl & beauty deodorant 150ml ,0.0,ml ,ml ,,Reckitt Benckiser India Pvt Ltd,,,360,0,,,2,0.3999999999999999
13643,nivea pearl & beauty deodorant 150 ml,,others,nivea pearl & beauty deodorant,nivea pearl & beauty deodorant 150,0,nivea pearl & beauty,nivea pearl &,nivea pearl,nivea,254930.0,nivea skin refining scrub 150ml,others,nivea,nivea skin refining scrub 150,nivea skin refining scrub 150ml ,0.3999999999999999,0.3999999999999999,0,nivea pearl & beauty deodorant 150ml ,0.0,ml ,ml ,,Reckitt Benckiser India Pvt Ltd,,,360,0,,,2,0.3999999999999999
14519,kamasutra condoms - chill thrill 12's,,others,kamasutra condoms chill thrill 12s,kamasutra condoms chill thrill 12s,0,kamasutra condoms chill thrill,kamasutra condoms chill,kamasutra condoms,kamasutra,219595.0,kamasutra chill thrill condom 12,others,kamasutra,kamasutra chill thrill condom 12,kamasutra chill thrill condom 12 ,0.5999999999999999,0.5999999999999999,0,kamasutra condoms chill thrill 12s ,2.0,,,,Reckitt Benckiser India Pvt Ltd,,,82,0,,,2,0.5999999999999999
14519,kamasutra condoms - chill thrill 12's,,others,kamasutra condoms chill thrill 12s,kamasutra condoms chill thrill 12s,0,kamasutra condoms chill thrill,kamasutra condoms chill,kamasutra condoms,kamasutra,219596.0,kamasutra chill thrill condom 3,others,kamasutra,kamasutra chill thrill condom 3,kamasutra chill thrill condom 3 ,0.5999999999999999,0.5999999999999999,0,kamasutra condoms chill thrill 12s ,2.0,,,,Reckitt Benckiser India Pvt Ltd,,,82,0,,,2,0.5999999999999999
15140,durex play intimate lube - sensual 200 ml,,others,durex play intimate lube sensual,durex play intimate lube sensual 200,0,durex play intimate lube,durex play intimate,durex play,durex,182486.0,durex play massage 2in1 intimate lubricant & massage gel 200ml,others,durex,durex play massage 2in1 intimate lubricant & gel 200,durex play massage 2in1 intimate lubricant & massage gel 200ml ,0.5773502691896258,0.5773502691896258,0,durex play intimate lube sensual 200ml ,0.0,ml ,ml ,,Glenmark Pharmaceuticals Ltd,,,90,0,,,2,0.5773502691896258
15140,durex play intimate lube - sensual 200 ml,,others,durex play intimate lube sensual,durex play intimate lube sensual 200,0,durex play intimate lube,durex play intimate,durex play,durex,182485.0,durex play massage 2 in1 intimate lubricant & massage gel 200ml,others,durex,durex play massage 2 in1 intimate lubricant & gel 200,durex play massage 2 in1 intimate lubricant & massage gel 200ml ,0.5443310539518174,0.5773502691896258,0,durex play intimate lube sensual 200ml ,0.0,ml ,ml ,,Glenmark Pharmaceuticals Ltd,,,90,0,,,2,0.5443310539518174
405579,himalaya natural glow kesar face cream 25 gm,,others,himalaya natural glow kesar face,himalaya natural glow kesar face cream 25,0,himalaya natural glow kesar,himalaya natural glow,himalaya natural,himalaya,380596.0,himalaya natural glow fairness cream 25gm,others,himalaya,himalaya natural glow fairness cream 25,himalaya natural glow fairness cream 25gm ,0.7715167498104595,0.7715167498104595,0,himalaya natural glow kesar face cream 25gm ,0.0,gm ,gm ,,Reckitt Benckiser India Pvt Ltd,,,82,0,,,3,0.7715167498104595
405579,himalaya natural glow kesar face cream 25 gm,,others,himalaya natural glow kesar face,himalaya natural glow kesar face cream 25,0,himalaya natural glow kesar,himalaya natural glow,himalaya natural,himalaya,380612.0,himalaya natural glow kesar face wash 50ml,others,himalaya,himalaya natural glow kesar face wash 50,himalaya natural glow kesar face wash 50ml ,0.7142857142857142,0.7715167498104595,0,himalaya natural glow kesar face cream 25gm ,1.0,gm ,ml ,,Reckitt Benckiser India Pvt Ltd,,,82,0,,,3,0.7142857142857142
405579,himalaya natural glow kesar face cream 25 gm,,others,himalaya natural glow kesar face,himalaya natural glow kesar face cream 25,0,himalaya natural glow kesar,himalaya natural glow,himalaya natural,himalaya,382352.0,himalaya natural glow kesar face wash 100ml,others,himalaya,himalaya natural glow kesar face wash 100,himalaya natural glow kesar face wash 100ml ,0.7142857142857142,0.7715167498104595,0,himalaya natural glow kesar face cream 25gm ,1.0,gm ,ml ,,Reckitt Benckiser India Pvt Ltd,,,82,0,,,3,0.7142857142857142
406906,himalaya gentle extra soft baby wipes - normal skin 12's,,others,himalaya gentle extra soft baby,himalaya gentle extra soft baby wipes normal skin 12s,0,himalaya gentle extra soft,himalaya gentle extra,himalaya gentle,himalaya,364435.0,himalaya gentle baby wipes 12,others,himalaya,himalaya gentle baby wipes 12,himalaya gentle baby wipes 12 ,0.5962847939999439,0.5962847939999439,0,himalaya gentle extra soft baby wipes normal skin 12s ,2.0,,,,Reckitt Benckiser India Pvt Ltd,,,245,0,,,4,0.5962847939999439
406906,himalaya gentle extra soft baby wipes - normal skin 12's,,others,himalaya gentle extra soft baby,himalaya gentle extra soft baby wipes normal skin 12s,0,himalaya gentle extra soft,himalaya gentle extra,himalaya gentle,himalaya,364436.0,himalaya gentle baby wipes 24,others,himalaya,himalaya gentle baby wipes 24,himalaya gentle baby wipes 24 ,0.5962847939999439,0.5962847939999439,0,himalaya gentle extra soft baby wipes normal skin 12s ,2.0,,,,Reckitt Benckiser India Pvt Ltd,,,245,0,,,4,0.5962847939999439
406906,himalaya gentle extra soft baby wipes - normal skin 12's,,others,himalaya gentle extra soft baby,himalaya gentle extra soft baby wipes normal skin 12s,0,himalaya gentle extra soft,himalaya gentle extra,himalaya gentle,himalaya,364437.0,himalaya gentle baby wipes 24 xl,others,himalaya,himalaya gentle baby wipes 24,himalaya gentle baby wipes 24 ,0.5962847939999439,0.5962847939999439,0,himalaya gentle extra soft baby wipes normal skin 12s ,2.0,,,,Reckitt Benckiser India Pvt Ltd,,,245,0,,,4,0.5962847939999439
406906,himalaya gentle extra soft baby wipes - normal skin 12's,,others,himalaya gentle extra soft baby,himalaya gentle extra soft baby wipes normal skin 12s,0,himalaya gentle extra soft,himalaya gentle extra,himalaya gentle,himalaya,382353.0,himalaya gentle baby wipes 72s,others,himalaya,himalaya gentle baby wipes 72s,himalaya gentle baby wipes 72s ,0.5962847939999439,0.5962847939999439,0,himalaya gentle extra soft baby wipes normal skin 12s ,2.0,,,,Reckitt Benckiser India Pvt Ltd,,,245,0,,,4,0.5962847939999439
803980,nivea aloe hydration body lotion for normal skin 400 ml,,others,nivea aloe vera hydration body,nivea aloe vera hydration body lotion for normal skin 400,0,nivea aloe vera hydration,nivea aloe vera,nivea aloe,nivea,254885.0,nivea aloe hydration body lotion 75ml,others,nivea,nivea aloe vera hydration body lotion 75,nivea aloe vera hydration body lotion 75ml ,0.7171371656006361,0.7171371656006361,0,nivea aloe vera hydration body lotion for normal skin 400ml ,0.0,ml ,ml ,,Reckitt Benckiser India Pvt Ltd,,,245,0,,,3,0.7171371656006361
803980,nivea aloe hydration body lotion for normal skin 400 ml,,others,nivea aloe vera hydration body,nivea aloe vera hydration body lotion for normal skin 400,0,nivea aloe vera hydration,nivea aloe vera,nivea aloe,nivea,254887.0,nivea aloe hydration body lotion 200ml,others,nivea,nivea aloe vera hydration body lotion 200,nivea aloe vera hydration body lotion 200ml ,0.7171371656006361,0.7171371656006361,0,nivea aloe vera hydration body lotion for normal skin 400ml ,0.0,ml ,ml ,,Reckitt Benckiser India Pvt Ltd,,,245,0,,,3,0.7171371656006361
803980,nivea aloe hydration body lotion for normal skin 400 ml,,others,nivea aloe vera hydration body,nivea aloe vera hydration body lotion for normal skin 400,0,nivea aloe vera hydration,nivea aloe vera,nivea aloe,nivea,372514.0,nivea express hydration body lotion 400ml,others,nivea,nivea express hydration body lotion 400,nivea express hydration body lotion 400ml ,0.6454972243679029,0.7171371656006361,0,nivea aloe vera hydration body lotion for normal skin 400ml ,0.0,ml ,ml ,,Reckitt Benckiser India Pvt Ltd,,,245,0,,,3,0.6454972243679029
822655,durex condoms - extra thin 10's,,others,durex condoms extra thin 10s,durex condoms extra thin 10s,0,durex condoms extra thin,durex condoms extra,durex condoms,durex,182472.0,durex extra thin condom 10,others,durex,durex extra thin condom 10,durex extra thin condom 10 ,0.5999999999999999,0.5999999999999999,0,durex condoms extra thin 10s ,2.0,,,,Glenmark Pharmaceuticals Ltd,,,145,0,,,2,0.5999999999999999
822655,durex condoms - extra thin 10's,,others,durex condoms extra thin 10s,durex condoms extra thin 10s,0,durex condoms extra thin,durex condoms extra,durex condoms,durex,377519.0,durex extra thin strawberry condom 3s,others,durex,durex extra thin strawberry condom 3s,durex extra thin strawberry condom 3s ,0.5477225575051661,0.5999999999999999,0,durex condoms extra thin 10s ,2.0,,,,Glenmark Pharmaceuticals Ltd,,,145,0,,,2,0.5477225575051661
822657,durex condoms - extra dots 10's,,others,durex condoms extra dots 10s,durex condoms extra dots 10s,0,durex condoms extra dots,durex condoms extra,durex condoms,durex,182470.0,durex extra dots condom 10,others,durex,durex extra dots condom 10,durex extra dots condom 10 ,0.5999999999999999,0.5999999999999999,0,durex condoms extra dots 10s ,2.0,,,,Glenmark Pharmaceuticals Ltd,,,145,0,,,2,0.5999999999999999
822657,durex condoms - extra dots 10's,,others,durex condoms extra dots 10s,durex condoms extra dots 10s,0,durex condoms extra dots,durex condoms extra,durex condoms,durex,368949.0,durex extra dots condom 3n,others,durex,durex extra dots condom 3n,durex extra dots condom 3n ,0.5999999999999999,0.5999999999999999,0,durex condoms extra dots 10s ,2.0,,,,Glenmark Pharmaceuticals Ltd,,,145,0,,,2,0.5999999999999999
822659,durex condoms - extra ribbed 10's,,others,durex condoms extra ribbed 10s,durex condoms extra ribbed 10s,0,durex condoms extra ribbed,durex condoms extra,durex condoms,durex,182471.0,durex extra ribbed condom 10,others,durex,durex extra ribbed condom 10,durex extra ribbed condom 10 ,0.5999999999999999,0.5999999999999999,0,durex condoms extra ribbed 10s ,2.0,,,,Glenmark Pharmaceuticals Ltd,,,145,0,,,2,0.5999999999999999
822659,durex condoms - extra ribbed 10's,,others,durex condoms extra ribbed 10s,durex condoms extra ribbed 10s,0,durex condoms extra ribbed,durex condoms extra,durex condoms,durex,381588.0,durex extra ribbed condom 3s,others,durex,durex extra ribbed condom 3s,durex extra ribbed condom 3s ,0.5999999999999999,0.5999999999999999,0,durex condoms extra ribbed 10s ,2.0,,,,Glenmark Pharmaceuticals Ltd,,,145,0,,,2,0.5999999999999999
822661,durex condoms - extra time 10's,,others,durex condoms extra time 10s,durex condoms extra time 10s,0,durex condoms extra time,durex condoms extra,durex condoms,durex,182473.0,durex extra time condom 10,others,durex,durex extra time condom 10,durex extra time condom 10 ,0.5999999999999999,0.5999999999999999,0,durex condoms extra time 10s ,2.0,,,,Glenmark Pharmaceuticals Ltd,,,145,0,,,2,0.5999999999999999
822661,durex condoms - extra time 10's,,others,durex condoms extra time 10s,durex condoms extra time 10s,0,durex condoms extra time,durex condoms extra,durex condoms,durex,377255.0,durex extra time condom 3s,others,durex,durex extra time condom 3s,durex extra time condom 3s ,0.5999999999999999,0.5999999999999999,0,durex condoms extra time 10s ,2.0,,,,Glenmark Pharmaceuticals Ltd,,,145,0,,,2,0.5999999999999999
850976,kamasutra condoms - dott max 12's,,others,kamasutra condoms dott max 12s,kamasutra condoms dott max 12s,0,kamasutra condoms dott max,kamasutra condoms dott,kamasutra condoms,kamasutra,370842.0,kamasutra orgasmax ultimate 5 in 1 condom assorted 12s,others,kamasutra,kamasutra orgasmax ultimate 5 in 1 condom assorted 12s,kamasutra orgasmax ultimate 5 in 1 condom assorted 12s ,0.298142396999972,0.298142396999972,0,kamasutra condoms dott max 12s ,2.0,,,,Reckitt Benckiser India Pvt Ltd,,,82,0,,,2,0.298142396999972
850976,kamasutra condoms - dott max 12's,,others,kamasutra condoms dott max 12s,kamasutra condoms dott max 12s,0,kamasutra condoms dott max,kamasutra condoms dott,kamasutra condoms,kamasutra,219610.0,kamasutra combo pack of kamasutra pleasure superthin condoms & skore notout condoms 1,others,kamasutra,kamasutra combo pack of pleasure superthin condoms & skore notout 1,kamasutra combo pack of kamasutra pleasure superthin condoms & skore notout condoms 1 ,0.2828427124746189,0.298142396999972,0,kamasutra condoms dott max 12s ,2.0,,,,Reckitt Benckiser India Pvt Ltd,,,82,0,,,2,0.2828427124746189
851506,nivea shea smooth body milk 200 ml,,others,nivea shea smooth body milk,nivea shea smooth body milk 200,0,nivea shea smooth body,nivea shea smooth,nivea shea,nivea,254931.0,nivea smooth milk body lotion with shea butter 75ml,others,nivea,nivea smooth milk body lotion with shea butter 75,nivea smooth milk body lotion with shea butter 75ml ,0.6804138174397718,0.6804138174397718,0,nivea shea smooth body milk 200ml ,0.0,ml ,ml ,,Reckitt Benckiser India Pvt Ltd,,,360,0,,,3,0.6804138174397718
851506,nivea shea smooth body milk 200 ml,,others,nivea shea smooth body milk,nivea shea smooth body milk 200,0,nivea shea smooth body,nivea shea smooth,nivea shea,nivea,254932.0,nivea smooth milk body lotion with shea butter 400ml,others,nivea,nivea smooth milk body lotion with shea butter 400,nivea smooth milk body lotion with shea butter 400ml ,0.6804138174397718,0.6804138174397718,0,nivea shea smooth body milk 200ml ,0.0,ml ,ml ,,Reckitt Benckiser India Pvt Ltd,,,360,0,,,3,0.6804138174397718
851506,nivea shea smooth body milk 200 ml,,others,nivea shea smooth body milk,nivea shea smooth body milk 200,0,nivea shea smooth body,nivea shea smooth,nivea shea,nivea,254896.0,nivea body milk nourishing body lotion 200ml,others,nivea,nivea body milk nourishing lotion 200,nivea body milk nourishing body lotion 200ml ,0.6666666666666667,0.6804138174397718,0,nivea shea smooth body milk 200ml ,0.0,ml ,ml ,,Reckitt Benckiser India Pvt Ltd,,,360,0,,,3,0.6666666666666667
885467,durex condoms - mutual climax 3's,,others,durex condoms mutual climax 3s,durex condoms mutual climax 3s,0,durex condoms mutual climax,durex condoms mutual,durex condoms,durex,182477.0,durex mutual climax condom 3,others,durex,durex mutual climax condom 3,durex mutual climax condom 3 ,0.5999999999999999,0.5999999999999999,0,durex condoms mutual climax 3s ,2.0,,,,Glenmark Pharmaceuticals Ltd,,,145,0,,,2,0.5999999999999999
885467,durex condoms - mutual climax 3's,,others,durex condoms mutual climax 3s,durex condoms mutual climax 3s,0,durex condoms mutual climax,durex condoms mutual,durex condoms,durex,182478.0,durex mutual climax condom 10,others,durex,durex mutual climax condom 10,durex mutual climax condom 10 ,0.5999999999999999,0.5999999999999999,0,durex condoms mutual climax 3s ,2.0,,,,Glenmark Pharmaceuticals Ltd,,,145,0,,,2,0.5999999999999999
885468,durex condoms - mutual climax 10's,,others,durex condoms mutual climax 10s,durex condoms mutual climax 10s,0,durex condoms mutual climax,durex condoms mutual,durex condoms,durex,182477.0,durex mutual climax condom 3,others,durex,durex mutual climax condom 3,durex mutual climax condom 3 ,0.5999999999999999,0.5999999999999999,0,durex condoms mutual climax 10s ,2.0,,,,Glenmark Pharmaceuticals Ltd,,,145,0,,,2,0.5999999999999999
885468,durex condoms - mutual climax 10's,,others,durex condoms mutual climax 10s,durex condoms mutual climax 10s,0,durex condoms mutual climax,durex condoms mutual,durex condoms,durex,182478.0,durex mutual climax condom 10,others,durex,durex mutual climax condom 10,durex mutual climax condom 10 ,0.5999999999999999,0.5999999999999999,0,durex condoms mutual climax 10s ,2.0,,,,Glenmark Pharmaceuticals Ltd,,,145,0,,,2,0.5999999999999999
903248,himalaya purifying neem face wash 15 ml,,others,himalaya purifying neem face wash,himalaya purifying neem face wash 15,0,himalaya purifying neem face,himalaya purifying neem,himalaya purifying,himalaya,210929.0,himalaya herbals purifying neem face wash 150ml,others,himalaya,himalaya herbals purifying neem face wash 150,himalaya herbals purifying neem face wash 150ml ,0.7715167498104595,0.7715167498104595,0,himalaya purifying neem face wash 15ml ,0.0,ml ,ml ,,Reckitt Benckiser India Pvt Ltd,,,245,0,,,7,0.7715167498104595
903248,himalaya purifying neem face wash 15 ml,,others,himalaya purifying neem face wash,himalaya purifying neem face wash 15,0,himalaya purifying neem face,himalaya purifying neem,himalaya purifying,himalaya,210930.0,himalaya herbals purifying neem face wash 200ml,others,himalaya,himalaya herbals purifying neem face wash 200,himalaya herbals purifying neem face wash 200ml ,0.7715167498104595,0.7715167498104595,0,himalaya purifying neem face wash 15ml ,0.0,ml ,ml ,,Reckitt Benckiser India Pvt Ltd,,,245,0,,,7,0.7715167498104595
903248,himalaya purifying neem face wash 15 ml,,others,himalaya purifying neem face wash,himalaya purifying neem face wash 15,0,himalaya purifying neem face,himalaya purifying neem,himalaya purifying,himalaya,210931.0,himalaya herbals purifying neem face wash 300ml,others,himalaya,himalaya herbals purifying neem face wash 300,himalaya herbals purifying neem face wash 300ml ,0.7715167498104595,0.7715167498104595,0,himalaya purifying neem face wash 15ml ,0.0,ml ,ml ,,Reckitt Benckiser India Pvt Ltd,,,245,0,,,7,0.7715167498104595
903248,himalaya purifying neem face wash 15 ml,,others,himalaya purifying neem face wash,himalaya purifying neem face wash 15,0,himalaya purifying neem face,himalaya purifying neem,himalaya purifying,himalaya,210932.0,himalaya herbals purifying neem face wash 100ml,others,himalaya,himalaya herbals purifying neem face wash 100,himalaya herbals purifying neem face wash 100ml ,0.7715167498104595,0.7715167498104595,0,himalaya purifying neem face wash 15ml ,0.0,ml ,ml ,,Reckitt Benckiser India Pvt Ltd,,,245,0,,,7,0.7715167498104595
903248,himalaya purifying neem face wash 15 ml,,others,himalaya purifying neem face wash,himalaya purifying neem face wash 15,0,himalaya purifying neem face,himalaya purifying neem,himalaya purifying,himalaya,211037.0,himalaya purifying neem foaming face wash 150ml,others,himalaya,himalaya purifying neem foaming face wash 150,himalaya purifying neem foaming face wash 150ml ,0.7715167498104595,0.7715167498104595,0,himalaya purifying neem face wash 15ml ,0.0,ml ,ml ,,Reckitt Benckiser India Pvt Ltd,,,245,0,,,7,0.7715167498104595
903248,himalaya purifying neem face wash 15 ml,,others,himalaya purifying neem face wash,himalaya purifying neem face wash 15,0,himalaya purifying neem face,himalaya purifying neem,himalaya purifying,himalaya,380601.0,himalaya purifying neem foaming face wash 100ml,others,himalaya,himalaya purifying neem foaming face wash 100,himalaya purifying neem foaming face wash 100ml ,0.7715167498104595,0.7715167498104595,0,himalaya purifying neem face wash 15ml ,0.0,ml ,ml ,,Reckitt Benckiser India Pvt Ltd,,,245,0,,,7,0.7715167498104595
903248,himalaya purifying neem face wash 15 ml,,others,himalaya purifying neem face wash,himalaya purifying neem face wash 15,0,himalaya purifying neem face,himalaya purifying neem,himalaya purifying,himalaya,385848.0,himalaya purifying neem foaming face wash 200ml,others,himalaya,himalaya purifying neem foaming face wash 200,himalaya purifying neem foaming face wash 200ml ,0.7715167498104595,0.7715167498104595,0,himalaya purifying neem face wash 15ml ,0.0,ml ,ml ,,Reckitt Benckiser India Pvt Ltd,,,245,0,,,7,0.7715167498104595
960383,la shield spf 40 sunscreen gel 50 gm,,others,la shield spf 40 sunscreen,la shield spf 40 sunscreen gel 50,0,la shield spf 40,la shield spf,la shield,la,377078.0,la shield spf 40 pa+++ sunscreen gel 50gm,others,la,la shield spf 40 pa+++ sunscreen gel 50,la shield spf 40 pa+++ sunscreen gel 50gm ,0.9354143466934852,0.9354143466934852,0,la shield spf 40 sunscreen gel 50gm ,0.0,gm ,gm ,,Reckitt Benckiser India Ltd,,,82,0,,,3,0.9354143466934852
960383,la shield spf 40 sunscreen gel 50 gm,,others,la shield spf 40 sunscreen,la shield spf 40 sunscreen gel 50,0,la shield spf 40,la shield spf,la shield,la,223756.0,la shield sunscreen gel spf 40 150gm,others,la,la shield sunscreen gel spf 40 150,la shield sunscreen gel spf 40 150gm ,0.857142857142857,0.9354143466934852,0,la shield spf 40 sunscreen gel 50gm ,0.0,gm ,gm ,,Reckitt Benckiser India Ltd,,,82,0,,,3,0.857142857142857
960383,la shield spf 40 sunscreen gel 50 gm,,others,la shield spf 40 sunscreen,la shield spf 40 sunscreen gel 50,0,la shield spf 40,la shield spf,la shield,la,223757.0,la shield sunscreen gel spf 40 60gm,others,la,la shield sunscreen gel spf 40 60,la shield sunscreen gel spf 40 60gm ,0.857142857142857,0.9354143466934852,0,la shield spf 40 sunscreen gel 50gm ,0.0,gm ,gm ,,Reckitt Benckiser India Ltd,,,82,0,,,3,0.857142857142857
979485,manforce overtime condoms - pineapple 10's,,others,manforce overtime condoms pineapple 10s,manforce overtime condoms pineapple 10s,0,manforce overtime condoms pineapple,manforce overtime condoms,manforce overtime,manforce,371535.0,manforce condom overtime pineapple 10s,others,manforce,manforce condom overtime pineapple 10s,manforce condom overtime pineapple 10s ,0.7999999999999998,0.7999999999999998,0,manforce overtime condoms pineapple 10s ,2.0,,,,Reckitt Benckiser India Pvt Ltd,,,245,0,,,2,0.7999999999999998
979485,manforce overtime condoms - pineapple 10's,,others,manforce overtime condoms pineapple 10s,manforce overtime condoms pineapple 10s,0,manforce overtime condoms pineapple,manforce overtime condoms,manforce overtime,manforce,377427.0,manforce overtime pineapple condom 10s,others,manforce,manforce overtime pineapple condom 10s,manforce overtime pineapple condom 10s ,0.7999999999999998,0.7999999999999998,0,manforce overtime condoms pineapple 10s ,2.0,,,,Reckitt Benckiser India Pvt Ltd,,,245,0,,,2,0.7999999999999998
