DRUG CODE,BRAND NAME,pack,MANUFACTURER,catg,subcatg,MRP
960846,Acnestar Face Wash 50 gm,,Mankind Pharma Pvt Ltd,,,150
987804,BILUMA ADVANCE SKIN BRIGHTENING Lotion 45gm,,Mankind Pharma Pvt Ltd,,,150
397866,Bonnisan Liquid 100ml,,Mankind Pharma Pvt Ltd,,,150
301028,Bonnisan Oral Drop 30ml,,Mankind Pharma Pvt Ltd,,,150
937127,Candid Dusting Powder 120 gm,,Mankind Pharma Pvt Ltd,,,150
937126,Candid Dusting Powder 60 gm,,Mankind Pharma Pvt Ltd,,,150
410529,Cetaphil Baby Daily Lotion 400ml,,Mankind Pharma Pvt Ltd,,,150
412634,Cetaphil Baby Massage Oil 200ml,,Mankind Pharma Pvt Ltd,,,150
909961,CETAPHIL BABY MILD Bar 75gm,,Galderma India Pvt Ltd,,,835
412635,Cetaphil Baby Shampoo 200ml,,Himalaya Drug Company,,,60
950143,CETAPHIL BABY WITH ORGANIC CALENDULA HAIR & BODY WASH & Shampoo 400ml,,Himalaya Drug Company,,,60
381943,Cetaphil Dam Lotion 100gm,,Himalaya Drug Company,,,60
382418,Cetaphil Dam Lotion 30gm,,Himalaya Drug Company,,,60
382580,Cetaphil Face & Body All Skin Types Moisturising Lotion 100ml,,Himalaya Drug Company,,,60
892184,CETAPHIL FACE & BODY ALL SKIN TYPES MOISTURISING Lotion 500ml,,Himalaya Drug Company,,,60
902811,Cetaphil Gentle Foaming For All Skin Type Cleanser 236ml,,Himalaya Drug Company,,,60
406901,Cetaphil Gentle Skin Cleanse Lotion 250ml,,Himalaya Drug Company,,,60
892334,Cetaphil Gentle Skin Cleanser For All Skin Types 500ml,,Himalaya Drug Company,,,70
814247,Cetaphil Gentle Skin Cleanser For Dry And Sensitive Skin 125ml,,Himalaya Drug Company,,,75
884699,CETAPHIL MOISTURISING Cream 250gm,,Himalaya Drug Company,,,70
382109,Cetaphil Moisturising Cream 80gm,,Himalaya Drug Company,,,70
113556,Cetaphil Moisturising FACE & BODY ALL SKIN TYPES Lotion 250ml,,Himalaya Drug Company,,,70
902810,Cetaphil New Daily Exfoliating For All Skin Type Cleanser 178ml,,Himalaya Drug Company,,,70
828337,Cetaphil Oily Skin Cleanser 125ml,,Himalaya Drug Company,,,70
382110,Cetaphil Restoraderm Skin Restoring Body Moisturizer Cream 295ml,,Glenmark Pharmaceuticals Ltd,,,145
387343,Cetaphil Restoraderm Skin Restoring Body Wash Lotion 295ml,,Glenmark Pharmaceuticals Ltd,,,145
379578,Cetaphil Syndet Bar 75gm,,Glenmark Pharmaceuticals Ltd,,,145
803748,Durex Condoms - Air 10's,,Glenmark Pharmaceuticals Ltd,,,145
822656,Durex Condoms - Air 10's,,Glenmark Pharmaceuticals Ltd,,,145
928355,Durex Condoms - Air 3's,,Glenmark Pharmaceuticals Ltd,,,145
822657,Durex Condoms - Extra Dots 10's,,Glenmark Pharmaceuticals Ltd,,,145
822659,Durex Condoms - Extra Ribbed 10's,,Glenmark Pharmaceuticals Ltd,,,145
822658,Durex Condoms - Extra Ribbed 3's,,Glenmark Pharmaceuticals Ltd,,,145
822655,Durex Condoms - Extra Thin 10's,,Glenmark Pharmaceuticals Ltd,,,145
822654,Durex Condoms - Extra Thin 3's,,Glenmark Pharmaceuticals Ltd,,,145
822661,Durex Condoms - Extra Time 10's,,Glenmark Pharmaceuticals Ltd,,,145
822660,Durex Condoms - Extra Time 3's,,Glenmark Pharmaceuticals Ltd,,,145
885468,Durex Condoms - Mutual Climax 10's,,Glenmark Pharmaceuticals Ltd,,,145
885467,Durex Condoms - Mutual Climax 3's,,Glenmark Pharmaceuticals Ltd,,,145
948713,Durex Extra Thin Condoms - Bubblegum 10's,,Glenmark Pharmaceuticals Ltd,,,145
1033617,Durex Extra Thin Condoms - Bubblegum 3's,,Glenmark Pharmaceuticals Ltd,,,145
948714,Durex Extra Thin Condoms - Intense Chocolate 10's,,Glenmark Pharmaceuticals Ltd,,,145
948712,Durex Extra Thin Condoms - Wild Strawberry 10's,,Glenmark Pharmaceuticals Ltd,,,90
936097,Durex Intimate Lube - Strawberry 50 ml,,Glenmark Pharmaceuticals Ltd,,,90
914704,Durex Invisible Super Ultra Thin Condoms for Men 10's,,Glenmark Pharmaceuticals Ltd,,,90
914705,Durex Invisible Super Ultra Thin Condoms for Men 3's,,Glenmark Pharmaceuticals Ltd,,,90
947943,Durex Lube - Cherry 50 ml,,Glenmark Pharmaceuticals Ltd,,,90
947944,Durex Lube - Tingling 50 ml,,Glenmark Pharmaceuticals Ltd,,,90
938109,Durex Massage Lube - Guarana Stimulating 200 ml,,Glenmark Pharmaceuticals Ltd,,,90
938110,Durex Massage Lube - Ylang Ylang Sensual 200 ml,,Glenmark Pharmaceuticals Ltd,,,90
15140,Durex Play Intimate Lube - Sensual 200 ml,,Glenmark Pharmaceuticals Ltd,,,90
15141,Durex Play Intimate Lube - Stimulating 200 ml,,Glenmark Pharmaceuticals Ltd,,,90
409069,Durex Play Pleasure Gel - Cheeky Cherry 50 ml,,Glenmark Pharmaceuticals Ltd,,,90
113806,Durex Play Pleasure Gel - Saucy Strawberry 50 ml,,Glenmark Pharmaceuticals Ltd,,,90
412370,Durex Play Pleasure Gel - Tingling 50 ml,,Glenmark Pharmaceuticals Ltd,,,90
895413,Durex Sensually Flavoured Condoms - Bubblegum 10's,,Glenmark Pharmaceuticals Ltd,,,90
378016,Episoft OC Cleansing Gel 125ml,,Glenmark Pharmaceuticals Ltd,,,90
409313,Gas O Fast - Active Jeera 5 gm (Sachet),,Glenmark Pharmaceuticals Ltd,,,90
409314,Gas O Fast Active Ajwain 5 gm,,Glenmark Pharmaceuticals Ltd,,,90
902796,Gas-O-Fast Sachet - Active Jeera Flavour (Pack of 120 X 5 gm),,Glenmark Pharmaceuticals Ltd,,,90
824515,Gas-O-Fast Sachet - Active Saunf Flavour 5gm (Pack of 120 X 5 gm),,Glenmark Pharmaceuticals Ltd,,,90
363365,Himalaya Acne-n-Pimple Cream 20 gm,,Galderma India Pvt Ltd,,,770
944061,Himalaya Active Fresh Gel 80 Gm,,Galderma India Pvt Ltd,,,630
409867,Himalaya Active Fresh Gel Toothpaste 80 gm,,Galderma India Pvt Ltd,,,218
936092,Himalaya Adult Diaper (M) 10's,,Galderma India Pvt Ltd,,,685
936094,Himalaya Adult Diaper (XL) 10's,,Galderma India Pvt Ltd,,,1175
406067,Himalaya Almond & Rose Soap (Pack of 4 x 125 gm),,Galderma India Pvt Ltd,,,518
1030019,Himalaya Althea Lotion 100 ml,,Galderma India Pvt Ltd,,,210
904565,Himalaya Anti Hair Fall Conditioner - Palasha & Bringaraja 100 ml,,Galderma India Pvt Ltd,,,486
944094,Himalaya Anti Hair Fall Hair Oil 200 Ml,,Galderma India Pvt Ltd,,,1300
362147,Himalaya Anti Hair Loss Cream 100 ml,,Galderma India Pvt Ltd,,,950
408755,Himalaya Anti-Dandruff Hair Cream 100 ml,,Galderma India Pvt Ltd,,,563
890086,Himalaya Anti-Dandruff Shampoo with Tea Tree Oil 80 ml,,Galderma India Pvt Ltd,,,1195
407956,Himalaya AyurSlim Capsule (Pack of 3 x 60's),,Galderma India Pvt Ltd,,,333
363406,Himalaya AyurSlim Capsule 60's,,Galderma India Pvt Ltd,,,1015
15515,Himalaya Baby care - Gift Pack  (Set of 7),,Galderma India Pvt Ltd,,,508
824018,Himalaya Baby care - Gift Pack Basket (Set of 9),,Galderma India Pvt Ltd,,,965
824021,Himalaya Baby care - Gift Pack Window (Set of 5),,Galderma India Pvt Ltd,,,850
406911,Himalaya Baby Cream 100 ml,,Galderma India Pvt Ltd,,,545
943466,Himalaya Baby Cream 50 Ml,,Galderma India Pvt Ltd,,,2140
15502,Himalaya Baby Cream Extra Soft & Gentle 100 ml,,Galderma India Pvt Ltd,,,1530
406912,Himalaya Baby Cream Extra Soft & Gentle 200 ml,,Galderma India Pvt Ltd,,,210
15501,Himalaya Baby Cream Extra Soft & Gentle 50 ml,,Reckitt Benckiser India Pvt Ltd,,,245
824030,Himalaya Baby Diapers (M) 54's,,Reckitt Benckiser India Pvt Ltd,,,245
824027,Himalaya Baby Diapers (S) 54's,,Reckitt Benckiser India Pvt Ltd,,,245
824025,Himalaya Baby Gift Pack -JAR,,Reckitt Benckiser India Pvt Ltd,,,245
15503,Himalaya Baby Lotion 100 ml,,Reckitt Benckiser India Pvt Ltd,,,245
15504,Himalaya Baby Lotion 200 ml,,Reckitt Benckiser India Pvt Ltd,,,245
406910,Himalaya Baby Lotion 400 ml,,Reckitt Benckiser India Pvt Ltd,,,82
15506,Himalaya Baby Massage Oil 100 ml,,Reckitt Benckiser India Pvt Ltd,,,245
406903,HIMALAYA BABY MASSAGE OIL 50ML,,Reckitt Benckiser India Pvt Ltd,,,245
15507,Himalaya Baby Powder 100 gm,,Reckitt Benckiser India Pvt Ltd,,,245
15509,Himalaya Baby Powder 200 gm,,Reckitt Benckiser India Pvt Ltd,,,245
15508,Himalaya Baby Powder 400 gm,,Reckitt Benckiser India Pvt Ltd,,,245
15510,Himalaya Baby Powder 50 gm,,Reckitt Benckiser India Pvt Ltd,,,245
397865,Himalaya Bonnisan Liquid 200 ml,,Reckitt Benckiser India Pvt Ltd,,,245
958712,Himalaya Clarina Anti-Acne Face Wash 60 ml,,Reckitt Benckiser India Pvt Ltd,,,245
406078,Himalaya Clear Complexion Brightening Day Cream - Licorice & Spiked Ginger Lilly 50 gm,,Reckitt Benckiser India Pvt Ltd,,,245
1030579,Himalaya Cystone Forte Tablet 30's,,Reckitt Benckiser India Pvt Ltd,,,245
15516,Himalaya Diaper Rash Cream 20 gm,,Reckitt Benckiser India Pvt Ltd,,,245
380034,Himalaya Evecare Capsule 30's,,Reckitt Benckiser India Pvt Ltd,,,245
828001,Himalaya Evecare Forte Liquid 200 ml,,Reckitt Benckiser India Pvt Ltd,,,245
923268,Himalaya Evecare Syrup 200 ml,,Reckitt Benckiser India Pvt Ltd,,,245
382040,Himalaya Evecare Syrup 400 ml,,Reckitt Benckiser India Pvt Ltd,,,245
992628,Himalaya Flora sante Capsule 20's,,Reckitt Benckiser India Pvt Ltd,,,245
331496,Himalaya Gasex Syrup - Elaichi Flavour 200 ml,,Reckitt Benckiser India Pvt Ltd,,,245
407080,Himalaya Gasex Syrup - Ginger Lemon Flavour 200 ml,,Reckitt Benckiser India Pvt Ltd,,,245
331497,Himalaya Gasex Tablet 100's,,Reckitt Benckiser India Pvt Ltd,,,82
368360,Himalaya Gentle Baby Shampoo 100 ml,,Reckitt Benckiser India Pvt Ltd,,,82
15512,Himalaya Gentle Baby Shampoo 200 ml,,Reckitt Benckiser India Pvt Ltd,,,82
406902,Himalaya Gentle Baby Soap 125 gm,,Reckitt Benckiser India Pvt Ltd,,,82
824016,Himalaya Gentle Baby Wipes (Pack of 2 x 72's),,Reckitt Benckiser India Pvt Ltd,,,245
943482,Himalaya Gentle Baby Wipes 72'S 72'S,,Reckitt Benckiser India Pvt Ltd,,,245
15513,Himalaya Gentle Baby Wipes for Normal Skin - Extra Soft 24's,,Reckitt Benckiser India Pvt Ltd,,,245
366524,Himalaya Gentle Baby Wipes for Normal Skin - Extra Soft 72's,,Reckitt Benckiser India Pvt Ltd,,,245
406906,Himalaya Gentle Extra Soft Baby Wipes - Normal skin 12's,,Reckitt Benckiser India Pvt Ltd,,,245
802918,Himalaya Gokshura Tablet 60's,,Reckitt Benckiser India Pvt Ltd,,,245
921701,Himalaya Gokshura Tribulus Tablets 60's,,Reckitt Benckiser India Pvt Ltd,,,245
360399,Himalaya Hairzone Solution 60 ml,,Reckitt Benckiser India Pvt Ltd,,,245
1072198,Himalaya Healthy Puppy Pet Food- Chicken & Rice 1200 gm,,Reckitt Benckiser India Pvt Ltd,,,245
407395,Himalaya Herbals Complete Care Toothpaste 150 gm,,Reckitt Benckiser India Pvt Ltd,,,245
349916,Himalaya Himcocid-SF Suspension - Mint Flavour 200 ml,,Reckitt Benckiser India Pvt Ltd,,,245
1030527,Himalaya Hiora - K Toothpaste 100 gm,,Reckitt Benckiser India Pvt Ltd,,,245
14587,Himalaya Honey & Cream Soap 125 gm,,Reckitt Benckiser India Pvt Ltd,,,245
405481,Himalaya Honey & Cream Soap 75 gm,,Reckitt Benckiser India Pvt Ltd,,,245
406081,Himalaya Intensive Body Lotion - Cocoa Butter 200 ml,,Reckitt Benckiser India Pvt Ltd,,,245
364988,Himalaya Koflet H Lozenges - Ginger Flavour 6's,,Reckitt Benckiser India Pvt Ltd,,,245
899839,Himalaya Koflet H Lozenges - Orange Flavour 6's,,Reckitt Benckiser India Pvt Ltd,,,245
364238,Himalaya Koflet Lozenges 10's,,Reckitt Benckiser India Pvt Ltd,,,245
903512,Himalaya Koflet Lozenges 200's,,Reckitt Benckiser India Pvt Ltd,,,245
365777,Himalaya Koflet Syrup 100 ml,,Reckitt Benckiser India Pvt Ltd,,,245
14139,Himalaya Koflet-SF Linctus 100 ml,,Reckitt Benckiser India Pvt Ltd,,,245
907270,Himalaya Koflet-SF Lozenges - Orange Flavour 6's,,Reckitt Benckiser India Pvt Ltd,,,245
840208,Himalaya Lasuna Tablet 60's,,Reckitt Benckiser India Pvt Ltd,,,82
14207,Himalaya Lip Balm 10 gm,,Reckitt Benckiser India Pvt Ltd,,,82
406137,Himalaya Men Pimple Clear Neem Face Wash 100 ml,,Reckitt Benckiser India Pvt Ltd,,,82
412165,Himalaya Men Power Glow Licorice Face Wash 50 ml,,Reckitt Benckiser India Pvt Ltd,,,82
840209,Himalaya Meshashringi Tablet 60's,,Reckitt Benckiser India Pvt Ltd,,,82
405579,Himalaya Natural Glow Kesar Face Cream 25 gm,,Reckitt Benckiser India Pvt Ltd,,,82
13112,Himalaya Natural Glow Kesar Face Cream 50 gm,,Reckitt Benckiser India Pvt Ltd,,,82
405781,Himalaya Nourishing Baby Soap 125 gm,,Reckitt Benckiser India Pvt Ltd,,,82
15521,Himalaya Nourishing Baby Soap 75 gm,,Reckitt Benckiser India Pvt Ltd,,,82
406963,Himalaya Nourishing Skin Cream - Winter Cherry & Aloe Vera 200 ml,,Reckitt Benckiser India Pvt Ltd,,,82
14208,Himalaya Nourishing Skin Cream - Winter Cherry & Aloe Vera 50 ml,,Reckitt Benckiser India Pvt Ltd,,,82
400707,Himalaya Ophthacare Eye Drops 10 ml,,Reckitt Benckiser India Pvt Ltd,,,82
1057715,Himalaya Oro-T Oral Rinse Liquid 100 ml,,Reckitt Benckiser India Pvt Ltd,,,82
405492,Himalaya Pain Balm Strong - Mint 10 gm,,Reckitt Benckiser India Pvt Ltd,,,82
364589,Himalaya Pain Relief Oil 100 ml,,Reckitt Benckiser India Pvt Ltd,,,82
914973,Himalaya Pilex forte Ointment 30 gm,,Reckitt Benckiser India Pvt Ltd,,,82
1059330,Himalaya Pilex Forte Tablet 30's,,Reckitt Benckiser India Pvt Ltd,,,82
1026718,Himalaya Platenza Syrup 100 ml,,Reckitt Benckiser India Pvt Ltd,,,82
1026720,Himalaya Platenza Tablet (Pack of 3 x 20's),,Reckitt Benckiser India Pvt Ltd,,,82
1060737,Himalaya Platenza Tablet 20's,,Reckitt Benckiser India Pvt Ltd,,,82
407394,Himalaya Protein Hair Cream - Extra Nourishment 100 ml,,Reckitt Benckiser India Pvt Ltd,,,82
915432,Himalaya PureHands Advanced Disinfectant Hand Rub 500 ml,,Reckitt Benckiser India Pvt Ltd,,,82
903248,Himalaya Purifying Neem Face Wash 15 ml,,Reckitt Benckiser India Pvt Ltd,,,245
962273,Himalaya Q-DEE Acidity Tablet 8's,,Reckitt Benckiser India Pvt Ltd,,,245
962274,Himalaya Q-DEE Cramps Tablet 8's,,Reckitt Benckiser India Pvt Ltd,,,245
962275,Himalaya Q-DEE Immunity Tablet 8's,,Reckitt Benckiser India Pvt Ltd,,,245
962272,Himalaya Q-DEE Nausea Tablet 8's,,Reckitt Benckiser India Pvt Ltd,,,245
962270,Himalaya Quista Active Powder - Milk Masala Flavor 200 gm,,Reckitt Benckiser India Pvt Ltd,,,245
914055,Himalaya Quista DN Powder - Milk Masala Flavour 400 gm,,Reckitt Benckiser India Pvt Ltd,,,245
914054,Himalaya Quista DN Powder - Vanilla Flavour 400 gm,,Reckitt Benckiser India Pvt Ltd,,,245
885098,Himalaya Quista kidz Powder - Chocolate Flavour 200 gm,,Reckitt Benckiser India Pvt Ltd,,,245
885097,Himalaya Quista kidz Powder - Vanilla Flavour 200 gm,,Reckitt Benckiser India Pvt Ltd,,,245
840202,Himalaya Quista Pro 100% Whey Protein Powder - Chocolate Flavour 1 kg,,Reckitt Benckiser India Pvt Ltd,,,245
15522,Himalaya Refreshing Baby Soap 125 gm,,Reckitt Benckiser India Pvt Ltd,,,245
14126,Himalaya Reosto Tablet 60's,,Reckitt Benckiser India Pvt Ltd,,,245
408131,Himalaya Sensitive Toothpaste 80 gm,,Reckitt Benckiser India Pvt Ltd,,,245
840204,Himalaya Shatavari Syrup 200 ml,,Reckitt Benckiser India Pvt Ltd,,,245
918866,Himalaya Tan Removal Face Wash - Orange 50 ml,,Reckitt Benckiser India Pvt Ltd,,,245
824055,Himalaya Total Care Baby Pants (S) 54's,,Reckitt Benckiser India Pvt Ltd,,,245
824057,Himalaya Total Care Baby Pants Large (L) 54's,,Reckitt Benckiser India Pvt Ltd,,,245
407416,Himalaya Trikatu Tablet 60's,,Reckitt Benckiser India Pvt Ltd,,,82
1072188,Himalaya Vet Digyton Plus Liquid 100 ml,,Reckitt Benckiser India Pvt Ltd,,,82
801324,Himalaya Wellness Arjuna Tablet 60's,,Reckitt Benckiser India Pvt Ltd,,,82
814310,Himalaya Wellness Ashvagandha Tablet 60's,,Reckitt Benckiser India Pvt Ltd,,,82
407398,Himalaya Wellness Brahmi Tablet 60's,,Reckitt Benckiser India Pvt Ltd,,,82
368578,Himalaya Wellness Guduchi Tablet 60's,,Reckitt Benckiser India Pvt Ltd,,,82
840206,Himalaya Wellness Hadjod Tablet 60's,,Reckitt Benckiser India Pvt Ltd,,,82
923267,Himalaya Wellness Haridra Tablet 60's,,Reckitt Benckiser India Pvt Ltd,,,82
412552,Himalaya Wellness Neem Tablet 60's,,Reckitt Benckiser India Pvt Ltd,,,82
407400,Himalaya Wellness Shallaki Tablet 60's,,Reckitt Benckiser India Pvt Ltd,,,82
407399,Himalaya Wellness Shatavari Tablet 60's,,Reckitt Benckiser India Pvt Ltd,,,82
406653,Himalaya Wellness Shigru Tablet 60's,,Reckitt Benckiser India Pvt Ltd,,,82
408780,Himalaya Wellness Shuddha-Guggulu Tablet 60's,,Reckitt Benckiser India Pvt Ltd,,,82
15789,Himalaya Wellness Triphala Tablet 60's,,Reckitt Benckiser India Pvt Ltd,,,82
405498,Himalaya Wellness Tulasi Syrup 200 ml,,Reckitt Benckiser India Pvt Ltd,,,82
407397,Himalaya Wellness Tulasi Tablets 60's,,Reckitt Benckiser India Pvt Ltd,,,82
407861,Himalaya Wellness Vrikshamla Tablet 60's,,Reckitt Benckiser India Pvt Ltd,,,82
349914,Himcocid-SF Suspension - Saunf Flavour 200 ml,,Reckitt Benckiser India Pvt Ltd,,,82
806925,Kaloree 1 400's+200 Free Tablet,,Reckitt Benckiser India Pvt Ltd,,,82
14519,Kamasutra Condoms - Chill Thrill 12's,,Reckitt Benckiser India Pvt Ltd,,,82
850976,Kamasutra Condoms - Dott Max 12's,,Reckitt Benckiser India Pvt Ltd,,,82
14521,Kamasutra Condoms - Dotted 12's,,Reckitt Benckiser India Pvt Ltd,,,245
850948,Kamasutra Condoms - Dotted 20's,,Reckitt Benckiser India Pvt Ltd,,,245
850949,Kamasutra Condoms - Dotted 3's,,Reckitt Benckiser India Pvt Ltd,,,245
14526,Kamasutra Condoms - Intensity 20's,,Reckitt Benckiser India Pvt Ltd,,,245
850977,Kamasutra Condoms - Intensity 3's,,Reckitt Benckiser India Pvt Ltd,,,245
14530,Kamasutra Condoms - Longlast 12's,,Reckitt Benckiser India Pvt Ltd,,,245
850978,Kamasutra Condoms - Longlast 20's,,Reckitt Benckiser India Pvt Ltd,,,245
850979,Kamasutra Condoms - Longlast 3's,,Reckitt Benckiser India Pvt Ltd,,,245
850950,Kamasutra Condoms - Ribbed 12's,,Reckitt Benckiser India Pvt Ltd,,,245
850951,Kamasutra Condoms - Ribbed 20's,,Reckitt Benckiser India Pvt Ltd,,,245
850952,Kamasutra Condoms - Ribbed 3's,,Reckitt Benckiser India Pvt Ltd,,,245
14541,Kamasutra Condoms - Superthin 20's,,Reckitt Benckiser India Pvt Ltd,,,245
14540,Kamasutra Condoms - Superthin 3's,,Reckitt Benckiser India Pvt Ltd,,,245
850966,Kamasutra Orgas Max 4-in-1 Condoms 12's,,Reckitt Benckiser India Pvt Ltd,,,245
903896,Kamasutra Orgas Max 5-in-1 Condoms 12's,,Reckitt Benckiser India Pvt Ltd,,,245
824517,Kamasutra Personal Lubricant - Aloe & Vitamin E 50 ml,,Reckitt Benckiser India Pvt Ltd,,,245
824518,Kamasutra Personal Lubricant - Strawberry 50 ml,,Reckitt Benckiser India Pvt Ltd,,,245
824519,Kamasutra Spray - Longlast 10 gm,,Reckitt Benckiser India Pvt Ltd,,,245
405596,Koflet Lozenges 200'S,,Reckitt Benckiser India Pvt Ltd,,,245
888971,LA SHIELD FISICO MATTE SPF 50+ PA+++ Sunscreen Gel 50gm,,Reckitt Benckiser India Pvt Ltd,,,245
917048,La Shield FISICO SPF 50+ & PA+++ Transparent Matte Sunscreen Gel 50 gm,,Reckitt Benckiser India Ltd,,,82
821849,LA Shield Fisico Sunscreen Gel 50gm,,Reckitt Benckiser India Ltd,,,82
917050,La Shield IR SPF 30 & PA+++ Sunscreen Gel 60 gm,,Reckitt Benckiser India Ltd,,,82
1044037,La Shield Lite SPF 50+ & PA+++ Sunscreen Gel 50 gm,,Reckitt Benckiser India Ltd,,,82
1035573,La Shield Pollution Protect Mineral Sunscreen Gel - SPF 40 50 gm,,Reckitt Benckiser India Ltd,,,82
952462,La Shield Pollution Protect Mineral Sunscreen Gel - SPF 50 50 gm,,Reckitt Benckiser India Ltd,,,82
960383,LA Shield SPF 40 Sunscreen Gel 50 gm,,Reckitt Benckiser India Ltd,,,82
1050906,Manforce 1500 Dots Xotic Condoms - Strawberry Flavoured 3's,,Reckitt Benckiser India Ltd,,,82
409281,Manforce 3 in 1 Wild Condoms - Black Grapes Flaboured 10's,,Reckitt Benckiser India Ltd,,,82
902771,Manforce 3 in 1 Wild Condoms - Black Grapes Flavoured 3's,,Reckitt Benckiser India Ltd,,,82
409280,Manforce 3 in 1 Wild Condoms - Chocolate Flavoured 10's,,Reckitt Benckiser India Ltd,,,82
902801,Manforce 3 in 1 Wild Condoms - Chocolate Flavoured 3's,,Reckitt Benckiser India Ltd,,,82
409278,Manforce 3 in 1 Wild Condoms - Strawberry Flavoured 10's,,Reckitt Benckiser India Ltd,,,82
895030,Manforce 3 in 1 Wild Condoms - Strawberry Flavoured 3's,,Reckitt Benckiser India Ltd,,,82
890547,Manforce Cocktail Condoms - Chocolate & Hazelnut Flavoured 10's,,Reckitt Benckiser India Ltd,,,82
911906,Manforce Cocktail Condoms - Chocolate & Hazelnut Flavoured 3's,,Reckitt Benckiser India Ltd,,,82
902797,Manforce Cocktail Condoms - Strawberry & Vanilla Flavoured 3's,,Reckitt Benckiser India Ltd,,,82
890548,Manforce Cocktail Condoms - Strawberry & Vannila Flavoured 10's,,Reckitt Benckiser India Ltd,,,82
890550,Manforce Condoms - Wild Combo (Pack of 5 x 4's),,Reckitt Benckiser India Ltd,,,82
824511,Manforce Condoms Sunny Edition 3's,,Reckitt Benckiser India Ltd,,,82
409290,MANFORCE CONDOMS WILD CHOCOLATE 20'S,,Reckitt Benckiser India Ltd,,,82
1042744,Manforce Epic Extra Dotted Condoms - Orange 3's,,Reckitt Benckiser India Ltd,,,82
1046213,Manforce Epic Pleasure Long Lasting Condoms - Raspberry 10's,,Reckitt Benckiser India Ltd,,,82
823628,Manforce Extra Dotted Condoms - Hazelnut Flavoured 10's,,Reckitt Benckiser India Ltd,,,82
824512,Manforce Extra Dotted Condoms - Hazelnut Flavoured 3's,,Reckitt Benckiser India Ltd,,,82
823630,Manforce Game Condoms - Exotic Flavoured 10's,,Reckitt Benckiser India Ltd,,,82
824513,Manforce Game Condoms - Exotic Flavoured 3's,,Reckitt Benckiser India Ltd,,,82
979476,Manforce Hotdots Condoms - Belgian Chocolate 10's,,Reckitt Benckiser India Pvt Ltd,,,245
979478,Manforce Overtime Condoms - Orange 10's,,Reckitt Benckiser India Pvt Ltd,,,245
979484,Manforce Overtime Condoms - Orange Flavoured 3's,,Reckitt Benckiser India Pvt Ltd,,,245
979485,Manforce Overtime Condoms - Pineapple 10's,,Reckitt Benckiser India Pvt Ltd,,,245
979482,Manforce Overtime Condoms - Pineapple 3's,,Reckitt Benckiser India Pvt Ltd,,,245
412270,Manforce Stay Long Gel 8 gm,,Reckitt Benckiser India Pvt Ltd,,,245
823629,Manforce Sunny Edition Condoms 10's,,Reckitt Benckiser India Pvt Ltd,,,245
823627,Manforce Super Condoms 1500 Dots - Litchi Flavoured 10's,,Reckitt Benckiser India Pvt Ltd,,,245
824514,Manforce Super Condoms 1500 Dots - Litchi Flavoured 3's,,Reckitt Benckiser India Pvt Ltd,,,245
827253,Mankind Acnestar Gel 22 gm,,Reckitt Benckiser India Pvt Ltd,,,245
803980,Nivea Aloe Hydration Body Lotion for Normal Skin 400 ml,,Reckitt Benckiser India Pvt Ltd,,,245
852537,Nivea Aloe Hydration Skin Cream 100 ml,,Reckitt Benckiser India Pvt Ltd,,,245
413038,Nivea Aloe Hydration Skin Cream 50 ml,,Reckitt Benckiser India Pvt Ltd,,,245
937272,Nivea Aloe Protection SPF 15 Body Lotion 400 ml,,Reckitt Benckiser India Pvt Ltd,,,245
937270,Nivea Aloe Protection SPF 15 Body Lotion 75 ml,,Reckitt Benckiser India Pvt Ltd,,,245
409785,Nivea Berry Shine Caring Lip Balm 4.8 gm,,Reckitt Benckiser India Pvt Ltd,,,245
803979,Nivea Body Lotion Aloe Hydration (Normal Skin) 75 ml,,Reckitt Benckiser India Pvt Ltd,,,245
13605,Nivea Body Lotion Express Hydration (Normal Skin) 400 ml,,Reckitt Benckiser India Pvt Ltd,,,245
13599,NIVEA BODY LOTION EXPRESS HYDRATION (NORMAL SKIN) 75ML,,Reckitt Benckiser India Pvt Ltd,,,245
409743,Nivea Body Lotion Express Hydration for Normal Skin 200 ml,,Reckitt Benckiser India Pvt Ltd,,,245
13618,Nivea Cherry Shine Caring Lip Balm 4.8 gm,,Reckitt Benckiser India Pvt Ltd,,,245
409745,Nivea Cocoa Nourish Oil in Lotion 200 ml,,Reckitt Benckiser India Pvt Ltd,,,245
826788,Nivea Cocoa Nourish Oil In Lotion 75 ml,,Reckitt Benckiser India Pvt Ltd,,,245
1014660,Nivea Cocoa Nourish Oil in Lotion for Very Dry Skin 400 ml,,Reckitt Benckiser India Pvt Ltd,,,245
13621,Nivea Creme 100 ml,,Reckitt Benckiser India Pvt Ltd,,,245
404366,Nivea Creme 200 ml,,Reckitt Benckiser India Pvt Ltd,,,82
857341,Nivea Creme 30 ml,,Reckitt Benckiser India Pvt Ltd,,,82
13610,Nivea Creme 60 ml,,Reckitt Benckiser India Pvt Ltd,,,82
409755,Nivea Creme Care Body wash 250 ml,,Reckitt Benckiser India Pvt Ltd,,,82
113950,Nivea Creme Soft Soap 125 gm,,Reckitt Benckiser India Pvt Ltd,,,82
897093,Nivea Creme Soft Soap 75 gm,,Reckitt Benckiser India Pvt Ltd,,,82
1041707,Nivea Essential Lip Balm With Shea Butter 10 gm,,Reckitt Benckiser India Pvt Ltd,,,82
845469,Nivea Fruity Lip Balm - Strawberry 10 gm,,Reckitt Benckiser India Pvt Ltd,,,82
937280,Nivea Men 42K Deodorant Spray 150 ml,,Reckitt Benckiser India Pvt Ltd,,,82
937274,Nivea Men Acne Face Wash 50 gm,,Reckitt Benckiser India Pvt Ltd,,,82
903220,Nivea Men All-in-1 Charcoal 10X Vitamin C Effect Face Wash 100 gm,,Reckitt Benckiser India Pvt Ltd,,,82
409766,Nivea Men Body Deodorizer - Energy 120 ml,,Reckitt Benckiser India Pvt Ltd,,,82
409765,Nivea Men Body Deodorizer - Ice Cool 120 ml,,Reckitt Benckiser India Pvt Ltd,,,82
858117,Nivea Men Dark Spot Reduction 10X Vitamin C Effect Face Wash 100 gm,,Reckitt Benckiser India Pvt Ltd,,,82
910093,Nivea Men Dark Spot Reduction 10X Vitamin C Effect Face Wash 50 gm,,Reckitt Benckiser India Pvt Ltd,,,82
891222,Nivea Men Dark Spot Reduction Creme 150 ml,,Reckitt Benckiser India Pvt Ltd,,,82
1041704,Nivea Men Dark Spot Reduction Creme 30 ml,,Reckitt Benckiser India Pvt Ltd,,,82
966751,Nivea Men Deep Impact Acne Face Wash - Himalayan Rock Salt + Salicylic Acid 100 gm,,Reckitt Benckiser India Pvt Ltd,,,82
820357,Nivea Men Deep Impact Deodorant - Freshness 150 ml,,Reckitt Benckiser India Pvt Ltd,,,82
823198,Nivea Men Deep Impact Face & Beard Wash - Intense Clean 100 gm,,Reckitt Benckiser India Pvt Ltd,,,82
823197,Nivea Men Deep Impact Roll On Deodorant - Freshness 50 ml,,Reckitt Benckiser India Pvt Ltd,,,82
937285,Nivea Men Face Moisturiser Non-Sticky Gel - Fresh 30 ml,,Reckitt Benckiser India Pvt Ltd,,,82
409767,Nivea Men Fresh Active Deodorant 150 ml,,Reckitt Benckiser India Pvt Ltd,,,82
801482,Nivea Men Fresh Ocean Deodorant Spray 150 ml,,Reckitt Benckiser India Pvt Ltd,,,82
13596,Nivea Men Fresh Power Deodorant 150 ml,,Reckitt Benckiser India Pvt Ltd,,,82
411251,Nivea Men Roll On Deodorant - Fresh Active 25 ml,,Reckitt Benckiser India Pvt Ltd,,,360
902960,Nivea Men Roll-On Deodorant Buy 2 Get 1 Free Combo Pack - Fresh active + Cool Kick + Deep Impact (Pack of 3 x 50 ml),,Reckitt Benckiser India Pvt Ltd,,,360
801484,Nivea Men Sensitive Shaving Foam 200 ml,,Reckitt Benckiser India Pvt Ltd,,,360
13641,Nivea Men Silver Protect Antibacterial Deodorant 150 ml,,Reckitt Benckiser India Pvt Ltd,,,360
813687,Nivea Men SPF 15 Lip Balm - Active Care 4.8 gm,,Reckitt Benckiser India Pvt Ltd,,,360
857518,Nivea Milk Delights Face Wash for Dry Skin - Honey 50 ml,,Reckitt Benckiser India Pvt Ltd,,,360
833986,Nivea Nourishing Lotion Body Milk - Deep Moisture Serum 200 ml,,Reckitt Benckiser India Pvt Ltd,,,360
935260,Nivea Nourishing Lotion Body Milk - Deep Moisture Serum 400 ml,,Reckitt Benckiser India Pvt Ltd,,,360
842867,Nivea Oil In Lotion Rose & Argan Oil for Dry Skin 400 ml,,Reckitt Benckiser India Pvt Ltd,,,360
802824,Nivea Original Care Lip Balm 4.8 gm,,Reckitt Benckiser India Pvt Ltd,,,360
13643,Nivea Pearl & Beauty Deodorant 150 ml,,Reckitt Benckiser India Pvt Ltd,,,360
411250,Nivea Pearl & Beauty Roll On 25 ml,,Reckitt Benckiser India Pvt Ltd,,,360
825339,Nivea Pearl & Beauty Roll On 50 ml,,Reckitt Benckiser India Pvt Ltd,,,360
851504,Nivea Pomegranate Shine Lip Balm 4.8 gm,,Reckitt Benckiser India Pvt Ltd,,,360
412559,Nivea Protect & Care Roll On 25 ml,,Reckitt Benckiser India Pvt Ltd,,,360
937269,Nivea Roll On Deodorant - Fresh Natural 25 ml,,Reckitt Benckiser India Pvt Ltd,,,360
411253,Nivea Roll-On Deodorant - Whitening Smooth Skin 25 ml,,Reckitt Benckiser India Pvt Ltd,,,360
935258,Nivea Roll-On Deodorant Buy 2 Get 1 Free Combo Pack - Pearl Beauty + Protect & Care + Whitening Sensitive Skin (Pack of 3 x 50 ml),,Reckitt Benckiser India Pvt Ltd,,,360
851506,Nivea Shea Smooth Body Milk 200 ml,,Reckitt Benckiser India Pvt Ltd,,,360
895174,Nivea Shower Gel - Lemon & Oil 125 ml,,Reckitt Benckiser India Pvt Ltd,,,360
895175,Nivea Shower Gel - Waterlilly & Oil 125 ml,,Reckitt Benckiser India Pvt Ltd,,,360
974922,NIVEA SOFT Body cream - Pomegrante 50 ml,,Reckitt Benckiser India Pvt Ltd,,,360
909366,Nivea Soft Light Moisturiser - Berry Blossom 100 ml,,Reckitt Benckiser India Pvt Ltd,,,360
888390,Nivea Soft Light Moisturiser - Berry Blossom 50 ml,,Reckitt Benckiser India Pvt Ltd,,,120
888391,Nivea Soft Light Moisturiser - Chilled Mint 50 ml,,Reckitt Benckiser India Pvt Ltd,,,120
13617,Nivea Soft Light Moisturiser 200 ml,,Reckitt Benckiser India Pvt Ltd,,,120
13603,Nivea Soft Light Moisturiser 25 ml,,Reckitt Benckiser India Pvt Ltd,,,120
901011,Nivea Soft Light Moisturiser 300 ml,,Reckitt Benckiser India Pvt Ltd,,,120
903871,Nivea Soft Light Moisturiser 50 ml,,Reckitt Benckiser India Pvt Ltd,,,120
411258,Nivea Sun Protect & Moisture SPF 50 Lotion 125 ml,,Reckitt Benckiser India Pvt Ltd,,,120
411256,Nivea Sun Protect & Moisture SPF 50 Lotion 75 ml,,Reckitt Benckiser India Pvt Ltd,,,120
411006,Nivea Whitening Cool Sensation Body Lotion 75 ml,,Reckitt Benckiser India Pvt Ltd,,,120
967025,Reverzo Vitamin C Face Serum 20 ml,,Reckitt Benckiser India Pvt Ltd,,,120
362506,Scalpe Plus Anti Dandruff Shampoo 75 ml,,Reckitt Benckiser India Pvt Ltd,,,120
917046,Scalpe Pro Daily Anti Dandruff Shampoo 100 ml,,Reckitt Benckiser India Pvt Ltd,,,120
